"node","x","y","z"
"",-1.82453621924963,0.430070478770567,0.479285085612625
" and Air Conditioning (HVAC)""""""""",-1.8170006277888,0.137189615957946,0.817525225427979
" Ventilation",-1.8448003204687,0.113434536025743,0.743467374844255
"""""""""Heating",-1.86998037874795,0.113544000715358,0.749897274474351
"3D Printing",0.729522188170007,0.732221531053492,1.00446176580556
"3D Technology",-0.389033786501741,-0.727684132460494,-0.789050311366759
"A/B Testing",-1.45165682776941,-0.250555922816064,0.557405731024578
"Accounting",1.23898086595168,-0.561403238794235,-0.972747009932723
"Ad Exchange",-1.85421662462537,0.437463532911249,0.574832357121847
"Ad Network",-2.1091947214868,0.189920923686074,0.655964795864655
"Ad Retargeting",-1.45160319152385,0.295126438684312,0.51592374302218
"Ad Server",-2.11600095135635,0.392185070559938,0.620415664809733
"Ad Targeting",-2.16905942137735,0.415085788115655,0.711573354918022
"Addiction Treatment",-0.0685975093887823,1.37411264449497,-1.78785805669271
"Adult",-2.08447084274949,0.802222098398957,0.447425308169992
"Advanced Materials",0.857434582003306,0.470094069766667,2.19652022390352
"Adventure Travel",-1.45268386490251,0.99769635975656,0.407674792193586
"Advertising",-1.05208842533807,-1.26977229920752,0.0458733365167168
"Advertising Platforms",-1.23994703354262,-1.26012855682593,0.0230937832953546
"Advice",1.55903538936887,-0.260523934012135,-1.12684734187324
"Advocacy",-2.24601168715869,0.50042070181152,0.828991067712622
"Aerospace",1.60339073143051,-0.394125099742958,1.22522694851614
"Affiliate Marketing",-1.19007057881804,-0.919589983195177,0.174533649693541
"Agriculture",-0.967412715680807,2.47339651169268,0.033096567133132
"AgTech",-0.955389696720811,2.4719886587983,-0.00544493658391554
"Air Transportation",1.25379295460467,0.337690301334649,0.662124065678094
"Alternative Medicine",-0.00484679438453295,1.49069402765895,-0.983382067686096
"Alternative Protein",-0.747549830241842,2.2008543927507,-0.338924709523002
"Alumni",-2.06833824736309,0.116616885351586,0.50740080831112
"American Football",-2.21062930489037,0.0153831339008587,0.294910418250133
"Amusement Park and Arcade",-2.3981584736529,0.567364586044347,0.339591017140691
"Analytics",1.52663227541306,-1.40217454432617,-0.0380574907134164
"Android",-0.111737333285999,-0.172543953743959,0.759296953795978
"Angel Investment",1.84634223122046,-0.119748619155265,-0.761148649311962
"Animal Feed",-0.807916837130406,2.27196558960882,-0.538036758397023
"Animation",-0.978105725737274,-1.28332611743944,-0.94843575809972
"App Discovery",-2.14938150459694,0.289088908585225,0.670143461849696
"App Marketing",-2.09342897215379,0.14782151187647,0.621016191638455
"Apparel",-0.896066161375558,1.26342661824057,-1.09930343755667
"Application Performance Management",-2.0647209461875,0.473974679728023,0.730609362754785
"Application Specific Integrated Circuit (ASIC)",0.829029895974636,-0.782754037403824,1.62250310258716
"Apps",-0.427751879846898,-0.0522661317469146,-0.21244583238641
"Aquaculture",-0.859366255420116,2.37163517927692,-0.0852573710038435
"Architecture",0.376977164662374,1.07677493147493,1.06038843630277
"Archiving Service",-2.0104711264764,0.3869749277311,0.525511234027527
"Art",-1.48455142290937,-0.761214676571975,-1.481246742893
"Artificial Intelligence (AI)",1.18914963172205,-1.87352198751197,-0.167112786782754
"Asset Management",1.75904765617851,0.185965753399637,-1.05471796905366
"Assisted Living",0.306855849416171,1.07341410754027,-2.00992470149456
"Assistive Technology",-0.428465163639552,-0.788665340106932,-0.639237399868361
"Association",-0.167497508105281,1.37347588086612,-0.919388615948013
"Auctions",-1.9094223135716,0.395755303724431,0.383337690432413
"Audio",-1.50592359029879,-1.13904967979196,-0.653829947183753
"Audio Recording and Production",-1.58284386719894,-1.13335299279657,-0.573242062278932
"Audio/Visual Equipment",0.0140910931311584,-1.02381770717497,0.858567886231435
"Audiobooks",-1.62227635078267,-0.951051414898837,-0.491487265353182
"Augmented Reality",-0.487367527098057,-0.550284717908275,-0.965431942703501
"Auto Insurance",-2.30704500579721,0.165741226784069,0.299430760577484
"Automotive",1.33128600186537,0.523396454162117,1.2061589540421
"Autonomous Vehicles",1.32623186511496,0.371831372039802,1.22518825387384
"B2B",-0.104282146165144,-0.116547688469992,-0.0308579836745401
"B2C",-0.228600181265729,0.232399468037005,-0.136969694399383
"Baby",-0.521060292848202,0.304772055210971,-1.45693778337572
"Bakery",-0.840587046559252,1.87912169871985,-0.0382905634449232
"Banking",1.80129292798969,0.222744280644788,-1.04383300392061
"Baseball",-1.84886291655766,0.388447134194291,0.661145066849249
"Basketball",-2.32636574292933,0.186896721349885,0.437617938938944
"Battery",1.29111165484661,1.3683786243982,2.72200174236565
"Beauty",-0.580772993173621,1.65665974538099,-1.32036935260873
"Big Data",1.59815328213898,-0.995152346592695,0.141795552045
"Billing",0.741929134221719,-0.432671218750937,-0.58075156145063
"Biofuel",-1.91955922336798,0.4155026495089,0.384642752450581
"Bioinformatics",0.0156500350998803,2.10456782641193,-2.36911788486752
"Biomass Energy",1.15693587990256,1.14497377728727,2.69844372709978
"Biometrics",-0.317648065106173,-0.235064493098357,0.129674225942893
"Biopharma",-0.171595642897079,2.13495405362892,-2.56997290447752
"Biotechnology",-0.229177474851372,2.21974551039263,-2.67958357365563
"Bitcoin",2.64683360037126,-0.219569323097345,-1.19304383970686
"Blockchain",2.84548448368835,-0.368699262517456,-1.36155819798711
"Blogging Platforms",-2.26411269715689,0.30223243640254,0.699463492458011
"Boating",-1.73319115978932,0.843038607873416,0.42167348857805
"Bookkeeping and Payroll",1.14324710525427,-0.528038341440936,-1.13199665123011
"Books",-1.02577596691275,-0.815699907950187,-1.29590173744602
"Brand Marketing",-1.00092145252533,-0.840200642752411,0.346006279468855
"Brewing",-2.09426939786626,0.527177277549639,0.892866655690832
"Broadcasting",-1.39162284040081,-1.27521801195765,-0.775773136744051
"Browser Extensions",-2.28235057345547,0.296138384020615,0.683265283441131
"Building Maintenance",0.534443209674052,0.68666579675888,0.699336226767221
"Building Material",0.603393579082437,0.999230351808188,1.53208967058071
"Business Development",1.23182287842479,-0.440629448324874,-0.637385371210913
"Business Information Systems",1.17592548512504,-0.584174415424984,-0.52486080915763
"Business Intelligence",1.47506243049998,-1.29685702734342,-0.103005234871958
"Business Process Automation (BPA)",1.13044650767794,-0.610737175667425,-0.516430306019396
"Business Travel",-1.46066071608487,1.00134701255652,0.44022211852208
"CAD",0.540855149844283,0.154882649163154,1.74240361594618
"Call Center",0.473391474186634,-0.96220680663571,-0.122269664460303
"Cannabis",0.0137458379447155,1.56942317574565,-0.939768989040393
"Car Sharing",-1.85090296740149,0.355245151410614,0.440804195480932
"Carbon Capture",0.973534572902493,1.14438808718628,2.46866105364137
"Card and Board Games",-2.30667082543119,0.392821463809953,0.719460042812257
"Career Planning",0.540945238418276,-0.628953532158192,-1.72853145004524
"Casino",-0.340626907501764,0.392521123673938,-0.550090802361371
"Casual Games",-0.78524331367713,-0.76812642418813,-1.4527384693659
"Catering",-0.597959437584356,1.65378821094077,0.246081249680612
"Cause Marketing",-0.308876312975701,-0.156589204108319,0.732984856965677
"Celebrity",-1.98434667866449,-0.0617751718843715,0.559398907190958
"Charging Infrastructure",1.32313357789108,0.785329201391494,1.42946389794416
"Charity",-0.63460944910366,0.478855123837053,-1.99599745371416
"Charter Schools",-0.459860798935854,-0.112067164992661,-1.2507447795335
"Chatbot",0.364153957343151,-1.42871287668003,-0.11729252273817
"Chemical",0.878876828046912,0.601928452002019,2.25230501756309
"Chemical Engineering",0.810807634333851,0.609540040079513,2.2366949458599
"Child Care",-0.626463538989423,0.372596908549489,-1.81979521523572
"Children",-0.686789731330458,0.256213710296077,-1.6638625172522
"CivicTech",-1.69080430289694,0.468045783750045,0.695680193081175
"Civil Engineering",0.557843462205713,0.681801032825561,1.13857321111066
"Classifieds",-1.39588258387328,-0.615238454183768,0.322774421587802
"Clean Energy",1.19433186882168,1.55240858311601,2.7863940274789
"Cleaning Products",-1.29122225374457,-0.38350331187858,0.628571231864405
"CleanTech",1.07748026664003,1.34067343185402,2.60984519986843
"Clinical Trials",-0.112156954899993,2.0758627678456,-2.55426897220869
"Cloud Computing",0.790966091286167,-1.98251789311299,0.866855109312431
"Cloud Data Services",0.774077256272014,-1.99017009172764,0.828198146315287
"Cloud Infrastructure",0.751268757750694,-2.05625715116575,0.906945623930994
"Cloud Management",0.757745754705004,-2.03445106686684,0.82988622653818
"Cloud Security",0.761365427916529,-1.99012285326598,0.885760094329276
"Cloud Storage",0.536070150598954,-2.07185763037844,0.93766203595222
"CMS",-1.02849602224956,-0.646216843061744,0.749174481480035
"Coffee",-0.83892465057641,1.90548393882313,-0.167521473820869
"Collaboration",0.62684080751982,-0.798540515353662,0.12122768597425
"Collaborative Consumption",-1.94193028172046,0.180885315790419,0.653627205164254
"Collectibles",-0.78113088398119,-0.275259572712752,-1.07480837604321
"Collection Agency",-1.95220525832884,0.536750097913054,0.787121686147584
"College Recruiting",-1.88899855849188,0.0808832971389848,0.173915858659888
"Comics",-1.07310970831471,-0.749666011252698,-1.0823448463511
"Commercial",0.419415285083648,0.758080659176,0.674714981631187
"Commercial Insurance",-2.26584756546662,0.244579566397254,0.569238626541622
"Commercial Lending",1.57341962114512,-0.171839338015975,-0.8989741365423
"Commercial Real Estate",0.957348673022586,0.559146685545466,0.440453756034759
"Communication Hardware",0.196156951405978,-0.926649228426124,1.21256439588077
"Communications Infrastructure",0.47379616546869,-0.986808048029034,1.28227596414425
"Communities",-0.647104220624194,0.46335246078123,-1.89550377091831
"Compliance",1.18104159507017,-1.27790088034389,0.218055884754657
"Computer",0.167944165859652,-0.638177414299141,1.43817845370756
"Computer Vision",0.886338544988481,-1.48499036184801,0.0693544534801245
"Concerts",-1.59874297465734,-0.0784688214360023,-1.33250029877582
"Confectionery",-1.12435128258616,1.67230513850857,-0.043200798487932
"Console Games",-1.26264223961241,-0.332387096944093,-0.815161932190706
"Construction",0.510809282464344,0.980294489870846,1.21687649479387
"Consulting",1.19603809858579,-0.840299844869092,-0.862523516165239
"Consumer",-0.478148952091459,1.24580249693365,0.103552428268458
"Consumer Applications",0.317148681276881,0.0977173580085005,1.11872635612182
"Consumer Electronics",0.193848971621334,-0.0533622870725508,1.26302242221821
"Consumer Goods",-0.673652375423239,1.47187306088392,-0.325463764308965
"Consumer Lending",1.44799144923161,-0.172261115726005,-0.83751381822938
"Consumer Research",-1.25755450791894,-0.620197285104909,0.874183538441623
"Consumer Reviews",-1.33871831806283,-0.671467386874876,0.900205132599077
"Consumer Software",-0.114814484374532,-0.0813011859415131,-1.19210606621735
"Contact Management",0.168916315802974,-0.815406223180381,0.206611425699785
"Content",-1.00983668257278,-1.33868978350793,-0.679360536703199
"Content Creators",-1.11566377313584,-1.02836043132983,-0.490963832376802
"Content Delivery Network",-1.07217301647012,-1.10275976068242,-0.429869933067451
"Content Discovery",-0.999717199802305,-0.962914208581661,-0.366247630450285
"Content Marketing",-0.881157830094499,-1.44637476319873,-0.334910431374272
"Content Syndication",-1.45603888678366,0.291994585280728,0.48363041871271
"Contests",-1.99354861194719,-0.680373401385056,-0.061236445092546
"Continuing Education",-0.149304427903934,-0.803906588786379,-1.73346064853002
"Cooking",-0.4250781965976,1.85605108061893,0.0868424118489663
"Copywriting",-1.6192603700085,0.170849675890974,0.345072822647379
"Corporate Training",0.160510635634997,-0.667241704569401,-1.17432217975658
"Cosmetic Surgery",-1.76673905199779,1.34219941990269,-0.0638190685953048
"Cosmetics",-0.442156374015878,1.61928863493849,-1.17161998187706
"Coupons",-0.853602798907932,-0.494016711519186,0.312532083736066
"Courier Service",-1.93484924201343,0.511782638656396,0.734497599746918
"Coworking",0.828456845372491,-0.101916206219113,-0.0187350125048001
"Craft Beer",-2.13619889485202,0.460701080494759,0.950957091626732
"Creative Agency",-1.05103517444851,-1.03617702047161,-0.281630961415456
"Credit",1.78127767417443,0.0878703179919686,-0.907950972806756
"Credit Bureau",-1.4371687602741,-0.140994981859085,-0.0621039085814864
"Credit Cards",1.33697351148005,0.135949058625459,-0.17002616128566
"Cricket",-2.15321083259652,0.397927930320523,0.744002384566845
"CRM",0.354691500474116,-0.969612832174966,-0.0651377634836934
"Crowdfunding",1.5378375782164,-0.0464949608974838,-0.891692720023927
"Crowdsourcing",1.42000400217337,-0.882541380045464,0.430280156288778
"Cryptocurrency",2.77753325125255,-0.270125685115145,-1.30825894130077
"Customer Service",0.455346450128621,-0.799074221010228,-0.141846859912688
"Cyber Security",1.62392837842183,-1.73657259300634,0.670800218761253
"Cycling",0.208107669694219,0.0257963767495376,1.22685732257704
"Dairy",-0.590940781225786,1.79278849400867,-0.0370571995967653
"Data Center",0.424771584454887,-2.04962763326224,0.943483208197184
"Data Center Automation",0.336755037541979,-1.72157301954604,0.712319735190197
"Data Collection and Labeling",1.43396722866135,-1.06835459357329,0.100559606348821
"Data Governance",1.44656554191207,-1.30901586529213,0.437436526430712
"Data Integration",1.59480815330328,-1.07922748824249,0.0577918018655321
"Data Management",1.39517245607948,-1.5966280402695,0.15405317094093
"Data Mining",1.55687806616831,-1.01761839300389,-0.0146259700338299
"Data Storage",0.591409253493559,-2.17822265196522,1.01639445960614
"Data Visualization",1.55933848571239,-1.35203281095561,0.0441256348861285
"Database",1.50701705265442,-1.50086938802684,0.10851841492087
"Dating",-0.657300518760877,-0.225205378644475,-0.251612494451639
"Debit Cards",1.22654395123933,0.137066035187667,-0.158977959009009
"Debt Collections",0.576436592568894,-0.13809133398496,-0.528551622207328
"Decentralized Finance (DeFi)",2.8092308304313,-0.329828262028389,-1.31468707718578
"Delivery",-0.330247938473716,1.05486172342269,0.00441351030360904
"Delivery Service",-0.331741320093744,1.39803991448716,0.2791780814379
"Dental",0.203528774916371,1.26857778307265,-0.881313663724271
"Desktop Apps",-2.23091962818822,0.470068294298968,0.85258797476346
"Developer APIs",0.824531231280152,-1.76428119467456,0.419853299183512
"Developer Platform",0.924811209494196,-1.87600288407516,0.429849623564572
"Developer Tools",1.0019386743285,-1.89461732513759,0.486719732728129
"DevOps",0.843782231127691,-2.00965016862604,0.82849379920722
"Diabetes",-1.91549604539844,0.779255633271613,0.734852356622266
"Dietary Supplements",-0.118678342152421,1.61810232744434,-0.957451173569783
"Digital Entertainment",-1.13611179687859,-1.30525261303673,-1.12944592812766
"Digital Marketing",-0.801605813779147,-1.44002776672268,-0.0260483766239942
"Digital Media",-1.24582248299486,-1.46428425832553,-0.809167801521053
"Digital Signage",-0.769562522103596,-1.33003818122017,0.311922646360077
"Direct Marketing",-0.703309869694603,-1.29211604866951,0.330694033198728
"Direct Sales",-0.479026004502102,-0.993985031909974,0.163293501790688
"Distillery",-2.26455288048488,0.428196501588087,0.644027773208675
"Diving",0.261697513519053,-0.787186333756467,1.22547205685932
"DIY",-2.04947100420677,0.856417624086763,1.003613191425
"Document Management",1.06085100071646,-1.01035446082323,-0.243910720774508
"Document Preparation",1.08091217348544,-0.752628898184411,-0.807990520382178
"Domain Registrar",-1.58041242123969,0.419139075772943,0.101924469877595
"DRM",-2.48284479806015,-0.0241881929742717,0.772490335292148
"Drone Management",1.41725985461834,-0.383754012024946,1.02794486534453
"Drones",1.67397892213852,-0.42556020287774,1.22463121997752
"DSP",-1.43668350918597,-1.26512281817175,0.0217657065965906
"E-Commerce",-0.635033627542473,1.24664384700073,-0.450155662076044
"E-Commerce Platforms",-0.531400215972219,1.1707483873579,-0.3992339900419
"E-Learning",0.159972507639079,-0.837523060998018,-2.25727409544809
"E-Signature",1.03984893901873,-1.10512325303934,-0.0765102147542822
"EBooks",-1.53625766141006,-0.983892291229008,-0.571683525101155
"Ediscovery",-2.18828458849507,0.317397335975428,0.198582692091499
"EdTech",0.139024458370394,-0.824509352887095,-2.15186904435759
"Education",0.1391367427428,-0.810527761210942,-2.20523579129829
"Edutainment",-2.31766989557219,0.53503591466466,0.229772355421102
"Elder Care",0.114899155174533,1.14808461444078,-2.04940104610766
"Elderly",0.18181779724938,0.952029668328548,-1.85095506825758
"Electric Vehicle",1.33848927810775,0.641118633876511,1.24999718544938
"Electrical Distribution",1.35247160700629,1.62028708053574,2.86569466747196
"Electronic Design Automation (EDA)",0.811857807333888,-0.834971003246814,1.51852806098448
"Electronic Health Record (EHR)",1.61477175019833,-1.06082548090847,-0.0227769289435922
"Electronics",0.736384510469048,-0.15404030355357,1.83252842609871
"Email",-0.00741381734870039,-1.08054925429736,0.228646927803938
"Email Marketing",-0.130759105928012,-1.05464835640257,0.172966713528602
"Embedded Software",1.21879314692384,-0.654934281717673,0.497960842595327
"Embedded Systems",1.07235160414827,-0.918861680353931,0.833745522750543
"Emergency Medicine",-0.448123775517595,0.840874371574635,-2.01157088870547
"Emerging Markets",-1.78144444663088,0.573341879528858,0.926630700253072
"Employee Benefits",0.735407566555022,-0.269281456964438,-1.41527091979796
"Employment",0.557268598034114,-0.458810415883333,-1.66207375548962
"Energy",1.33202100485061,1.61457996769192,2.88251243396452
"Energy Efficiency",1.30592753048526,1.64797522582824,2.88532104128662
"Energy Management",1.39000463651779,1.67252803031728,2.89118792956912
"Energy Storage",1.23238966621219,1.68561211387161,2.94449029015117
"Enterprise",0.0746260315196183,-1.41167061264748,0.612191407534181
"Enterprise Applications",0.766482180881845,-0.976721735556967,0.0802601683765511
"Enterprise Resource Planning (ERP)",0.950099062581905,-0.670560208520262,-0.198605178007805
"Enterprise Software",1.16591780572037,-1.90118606976232,-0.0909019881028829
"Environmental Consulting",1.00498250457139,1.22372280783064,2.49520719212938
"Environmental Engineering",0.938064680623907,1.20228576491546,2.39363965144662
"Equestrian",-0.784784012964444,1.47731684092948,-0.939755105009066
"eSports",-1.18636568989118,-0.314402364147836,-0.876180481185508
"Ethereum",2.74113629543636,-0.304156165258831,-1.24490038226506
"Event Management",-1.5142435137423,0.089036952498253,-1.25507915948987
"Event Promotion",-1.63046396760771,-0.167234177434621,-1.32087014704874
"Events",-1.53183851727943,0.105356098707262,-1.30229350508083
"Eyewear",-0.0762212303818286,0.123088782514403,1.01648599892232
"Facial Recognition",0.664787930370335,-1.41005333479971,-0.317541960075281
"Facilities Support Services",0.472865751168646,0.581344842593141,0.59778499371472
"Facility Management",0.766090967123176,0.440719424761848,0.551933089407869
"Family",-0.535460618623959,0.53852192206378,-1.73444425271226
"Fantasy Sports",-0.337011111059687,0.163144991942511,-0.550401502552393
"Farmers Market",-1.07849051732522,2.33764190418769,0.173436083392103
"Farming",-0.941469640244141,2.47450882852289,0.00394545310816585
"Fashion",-0.69758561028811,1.31896235736643,-0.768595783746671
"Fast-Moving Consumer Goods",-0.328387503747988,1.49413341154781,-0.202283090323131
"Ferry Service",-2.01590597538345,0.662654525435309,0.86752248047953
"Fertility",-0.411207391181121,1.15815482124594,-1.6440168145131
"Field Support",0.551498978978527,-0.2528156358801,-0.460294331528484
"Field-Programmable Gate Array (FPGA)",0.950281167335752,-1.18175314198621,1.32596986720151
"File Sharing",-0.289021756438264,-1.47058189351706,0.283262405347051
"Film",-1.34803991415321,-0.94363166017715,-1.05333937970175
"Film Distribution",-1.42299076458675,-0.93682028292594,-1.01059244928045
"Film Production",-1.1989442590199,-1.31427009487255,-0.865269254119277
"Finance",1.92988929082261,0.20234529853811,-1.1520936192249
"Financial Exchanges",2.15585647965193,-0.14483222392012,-1.12416013401343
"Financial Services",1.94893495785034,0.307231230429446,-1.17206963724196
"FinTech",1.99937939895937,0.326192915260952,-1.16090394890622
"First Aid",-2.27380404658437,0.445906466746351,0.817940146521298
"Fitness",-0.403244740600237,1.51815988990217,-1.99526014500658
"Flash Storage",0.245044143445519,-1.89852661917076,0.89381412506859
"Fleet Management",1.52470086316181,0.458753236653412,0.402669603066892
"Flowers",-1.31985324279784,0.987212881702645,0.440673875460162
"Food and Beverage",-0.746384573729522,2.04554460045261,-0.269901041692183
"Food Delivery",-0.723367134995094,2.03737663171608,-0.179309972792214
"Food Processing",-0.769339186950082,2.29325123108993,-0.276578590274175
"Food Trucks",-0.92477087496072,1.89926168710598,-0.0173754538435363
"Foreign Exchange Trading",2.18983984333835,-0.107183896358242,-1.12859604765746
"Forestry",0.780012627990282,0.836331572489975,1.86889699697906
"Fossil Fuels",-2.44095397967959,0.543204394746296,1.05351849819904
"Foundries",-0.465005841935551,-0.104636252144471,1.51966743730156
"Franchise",0.864258716074042,0.787400968162187,-0.00460874855869209
"Fraud Detection",1.69098960943911,-1.64866448874306,0.648670066803789
"Freelance",0.745342371168258,-0.429252470473849,-0.452689885243796
"Freight Service",1.8466604344273,0.392013076344568,0.978121756818912
"Fruit",-1.08400748509064,2.08509958014879,0.306292946146581
"Fuel",1.25851209054874,1.36735633243921,2.76081907289372
"Fuel Cell",1.17829061612865,1.49500374692912,2.74430333711301
"Funding Platform",1.9779668485783,0.256394059964734,-1.04642835470105
"Funerals",-0.0697685718647296,0.460575366962883,-1.31920558170279
"Furniture",0.0995017591156904,1.22931011214798,0.753698362170597
"Gambling",-0.394346792233692,0.303586235686449,-0.519141849855187
"Gamification",-0.947982355813516,-0.402465587354922,-0.950863824752087
"Gaming",-0.773175028985552,-0.85494849800608,-1.45821175647289
"Generation Z",-2.25802931067899,0.021253514298816,0.256896859808793
"Generative AI",0.81396907217923,-1.94011255185329,-0.238183264581268
"Genetics",-0.190693074392761,2.10548168635157,-2.55322296399244
"Geospatial",1.71773030411891,-0.739745821089927,0.679888414486806
"Geothermal Energy",1.19992325701359,1.59389265725463,2.75834489372921
"Gift",-0.971164248556788,0.674240844752083,0.337283397933352
"Gift Card",-0.432337577068346,0.247396457307013,0.121419659624061
"Gift Registry",-2.03750616165369,0.648353735810439,0.697296712864473
"Golf",-1.07272772685869,1.03698953049682,-0.90672381355729
"Government",1.52320161974562,-0.641143706631594,0.585028224916867
"GovTech",1.57588032584413,-0.769282672728924,0.428361984071334
"GPS",1.55564438893868,-0.90547656143298,1.23073232219154
"GPU",0.836046135727913,-1.89550331457326,1.04795598873816
"Graphic Design",-0.782936285197598,-1.65101200397629,-0.620729859041622
"Green Building",0.58665026599713,1.02378971391889,1.65625397151293
"Green Consumer Goods",0.455754004623678,1.10942204030755,1.6461223627454
"GreenTech",0.976611498445269,1.12321248193595,2.44251576463486
"Grocery",-0.612161834032539,1.57046890977362,0.0731752473007938
"Group Buying",-0.880130863844598,1.46775569776146,0.254467665653739
"Guides",-1.54301660437659,1.00432734017688,0.468748870008664
"Handmade",-1.55697316149703,0.813514120918094,-0.0709478206379864
"Hardware",0.622701628997467,-0.548082786305444,1.59839382626573
"Health Care",-0.191328198819201,1.83775274908266,-2.38254529626653
"Health Diagnostics",-0.17554554978916,1.93487320825967,-2.43456475532988
"Health Insurance",1.00735430983883,0.670618486677333,-1.65785542420038
"Hedge Funds",2.14173609905894,-0.0782173377439743,-1.07630602144824
"Herbs and Spices",-1.725036388812,1.25536841643615,0.358279287147494
"Higher Education",0.104589779881551,-0.886709193923206,-2.17672673927922
"Hockey",-2.40775364784484,0.494703210900045,0.691640621501366
"Home and Garden",-0.165742034880832,1.37260768008171,0.712310330517113
"Home Appliances",0.325837204364912,0.105445322547927,1.2476062137492
"Home Decor",0.136593234361883,1.21387484383069,0.844584163300162
"Home Health Care",0.165402755216626,1.22419905044786,-2.14961291606883
"Home Improvement",-0.038387910841629,1.39831784177024,0.91888999521648
"Home Renovation",0.154491760322284,1.198479089373,0.962035110951877
"Home Services",0.0145045131599701,1.20473877644748,0.572809127997932
"Homeland Security",0.40381300336812,0.00207321833745611,1.02915510285541
"Homeless Shelter",-0.559800251545406,0.619722074439742,-1.85831191734452
"Horticulture",-1.09101267008232,2.38780711312783,0.220085155964697
"Hospital",-0.0825331691103255,1.6423082033024,-2.29976668199679
"Hospitality",0.358374807463102,0.913789771464883,-0.12278279157356
"Hotel",0.467729770533496,0.926507285427489,-0.146578248686345
"Housekeeping Service",-0.161228088517132,0.696565632213814,0.0967247523165595
"Human Computer Interaction",-0.529223887601878,-0.726894127609874,-0.523754645505586
"Human Resources",0.629722134880515,-0.744451787740174,-1.65023061459224
"Humanitarian",-0.508612235589215,0.413009792408532,-1.96157341163963
"Hunting",-1.47434925653125,1.05319656213958,0.427921954232273
"Hydroelectric",1.30971571627616,1.59930071367395,2.83129404432845
"Hydroponics",-1.07295663683267,2.41605932926847,0.17421220606071
"IaaS",0.752885915981571,-1.97302859184849,0.887643892154031
"Identity Management",1.42311566739807,-1.56758621188409,0.601222797507751
"Image Recognition",1.24518760024027,-1.13899045534664,-0.00865872261101464
"Impact Investing",2.04592180215703,-0.0523965474006744,-1.02036923962897
"In-Flight Entertainment",-2.08191207340388,0.721843949789094,1.00367088748883
"Incubators",1.46782779491872,-0.260110683204838,-0.512801179555559
"Independent Music",-1.63656831271004,-1.09468330766941,-0.296837099212144
"Indoor Positioning",1.41296750357955,-0.585166531051671,0.440887426948533
"Industrial",0.982432715626917,0.334551348091873,2.12062685831558
"Industrial Automation",1.21034536164797,-0.0231095873470613,1.72684684054853
"Industrial Design",0.615321468374028,0.0322482414548182,1.80527388822637
"Industrial Engineering",0.801745219210881,0.357741257685929,1.85082623381154
"Industrial Manufacturing",0.963062471884077,0.347791453303821,2.03289719103964
"Information and Communications Technology (ICT)",0.530966148777403,-1.41885064569667,0.0389906758571381
"Information Services",1.38254861737148,-1.56514112116609,-0.220190702203208
"Information Technology",1.29992732727085,-1.86614035851254,0.0160887893328838
"Infrastructure",0.639043637415077,-0.35789402253948,1.21341604344497
"Innovation Management",0.859959495744368,-0.167728497713259,-0.179232670759849
"Insurance",1.30885566020221,0.606366855011877,-1.68203920095353
"InsurTech",1.20260533546792,0.572830948518915,-1.60423990582871
"Intellectual Property",-0.861692858310477,-0.968327653406074,0.165982633617413
"Intelligent Systems",1.25187907539638,-0.784866780976552,0.526102608199465
"Interior Design",0.167292091182943,1.18473447585642,0.920940400236307
"Internet",0.688391023016364,-1.02569715119006,0.927496873921511
"Internet of Things",0.791197296781891,-0.390329065530217,1.49167420791719
"Internet Radio",-1.46199041329267,-1.21244328895795,-0.507846467398079
"Intrusion Detection",1.74466416141444,-1.66141167102294,0.778392460996617
"iOS",-0.11905664153747,-0.0957525387269559,0.858848296816831
"ISP",-1.37926146392358,0.135969099583006,0.464926011212037
"IT Infrastructure",1.06475038214032,-1.92078105302259,0.589123449071662
"IT Management",1.19423891536144,-1.94370016614071,0.337071293416898
"Janitorial Service",0.358664148699118,0.707064976974763,0.664027220232558
"Jewelry",-0.882915804826963,1.09668387846878,-0.457871696849711
"Journalism",-1.39916246429269,-1.53176889635899,-0.752518808493266
"Knowledge Management",0.811966084985483,-1.72447001013777,-0.429551140579629
"Landscaping",-0.123067527115481,1.32494066460982,0.765473351263836
"Language Learning",0.0725290066937125,-0.945361405813556,-2.03136019546778
"Laser",0.821104080625273,-0.381594420963314,1.74325894810985
"Last Mile Transportation",1.35288368832305,0.385162096424335,0.614913605255274
"Laundry and Dry-cleaning",-0.252841377304247,0.953206299165552,-1.31611700711825
"Law Enforcement",1.57720035708767,-0.655689669186527,0.610727033134961
"Lead Generation",-0.0465250860081614,-1.49742094023668,-0.211614837857916
"Lead Management",0.10249103578583,-1.43608461917883,-0.0991794804019523
"Leasing",1.09735480296347,0.67310624486044,0.453682646191715
"Legal",1.2172654949932,-0.849101346005273,-0.86839149534931
"Legal Tech",1.09072344061838,-1.82646277099533,-0.364893721951608
"Leisure",0.391231848463139,0.587139499951755,-0.082109986384761
"Lending",1.86990022301529,0.212678117895704,-1.03599517234426
"LGBT",-0.139657938185943,1.13559685389231,-2.13799071549226
"Life Insurance",1.1241540454142,0.576770475694254,-1.56126344958024
"Life Science",-0.148223338919481,2.11223071613166,-2.58839830899897
"Lifestyle",-0.683376403884891,1.16235177974729,-0.85206552762911
"Lighting",0.372126122650302,-0.0727962956301216,1.4515475564086
"Limousine Service",-2.34105430060021,0.502640584060355,0.836470403881467
"Lingerie",-0.96165894106006,1.24176490980669,-0.980023332358237
"Linux",-2.20278374258292,0.134184547870189,0.806804506000242
"Livestock",-0.89736356144077,2.49292578933645,-0.323098912162296
"Local",-1.67214485743443,0.555322646975868,0.19800107611101
"Local Advertising",-1.26943310146303,-1.06787236382797,0.168098510308712
"Local Business",-1.81994553583073,0.73547257691174,0.188671840604719
"Local Shopping",-0.534848804139953,1.23167621778483,0.136546765051103
"Location Based Services",1.58092474577047,-0.989043886901262,1.25916306304644
"Logistics",1.61525981918839,0.315152586804248,1.2729689157998
"Loyalty Programs",-0.225281838093431,0.0562249067013235,-0.0447623165115175
"Machine Learning",1.20050776762502,-1.89840668958741,-0.100200316229255
"Machinery Manufacturing",1.04643445908786,0.0920710352466828,1.87267578859134
"macOS",0.0143356817134421,1.16162467406143,0.936233437603748
"Made to Order",-2.05199647612026,-0.314387233219614,0.807399441974796
"Management Consulting",1.32966390076383,-0.952203648860593,-0.448273777233092
"Management Information Systems",1.02972232150635,-0.70638480069511,-0.318980583905882
"Manufacturing",0.767093785699556,0.0594764055842395,2.01895806984252
"Mapping Services",1.61180097533144,-0.955736485530123,1.23077496936364
"Marine Technology",1.73230715150004,0.309260229398827,1.18817049835047
"Marine Transportation",1.76463381599546,0.355283206844855,1.09574323585008
"Market Research",1.37081555193279,-1.25116870753975,-0.184142636207081
"Marketing",-0.67010028250289,-1.45838965762041,0.0142852590989808
"Marketing Automation",-0.35967720974768,-1.46913849267457,-0.186185600935328
"Marketplace",-0.536475173962435,1.06379955319342,-0.320795542932816
"Meat and Poultry",-0.83450218537997,2.44744873507554,-0.215152456061643
"Mechanical Design",0.648010829375592,0.045496408296765,1.7952051538685
"Mechanical Engineering",0.910072215000589,0.235610736786816,1.87359380307046
"Media and Entertainment",-1.30809251805922,-1.31728368491182,-1.12984974684425
"Medical",-0.0937360094092279,2.01131623302303,-2.52309423273848
"Medical Device",-0.199832140157246,1.8880631030323,-2.41340233201095
"Meeting Software",0.375499200822098,-1.47287022224792,-0.070309375103442
"Men's",-0.806720049540107,1.23113016811204,-1.11708067891627
"Mental Health",-0.195134914275636,1.55959161765114,-2.16938043484773
"Messaging",0.286906557617968,-0.916859516803091,0.171301137007152
"Metaverse",-0.475023498828756,-0.609293507525245,-1.08762781235359
"mHealth",-0.00650267839698593,1.2140432123901,-2.23507471623129
"Micro Lending",1.87406037848463,0.221262680079423,-1.09929163680379
"Military",1.74158296010433,-0.515253138918828,1.21177551862309
"Millennials",-1.98301378364153,0.345753451715485,0.100677125147973
"Mineral",1.37631377405465,0.762163568806821,2.87735024523379
"Mining",1.37118584446249,0.736545640849251,2.85454780270439
"Mining Technology",1.41592501197069,0.650615997873374,2.85088705346425
"MMO Games",-1.38229123478241,-0.320236272842178,-0.719521007378676
"Mobile",0.482878253297972,-0.788532105181134,0.945833749897065
"Mobile Advertising",-1.19427058362662,-1.17487683802909,0.309571753408798
"Mobile Apps",-0.0509743133262779,-0.189175778607249,-0.434166133688266
"Mobile Devices",0.423600536957514,-0.696121275582884,1.04492883407444
"Mobile Payments",1.698537837582,0.307873264831487,-0.430229901548807
"Mortgage",1.59514704785392,0.248876861814644,-1.06572558413351
"Motion Capture",-0.713650726456882,-0.921514310734703,-0.585262711577765
"Motorsports",-1.43867009002362,0.689794202742284,0.776707071866348
"Multi-level Marketing",0.0478767846623898,-1.41416154682552,0.521339718599252
"Museums and Historical Sites",-2.36003708431513,0.530229786096266,0.165454697887772
"Music",-1.428838488038,-1.20522782988037,-1.39826173030614
"Music Education",-1.27801331958785,-1.10325700890733,-1.54209727929433
"Music Label",-1.30848165552416,-1.32939931807977,-1.29225800768613
"Music Streaming",-1.2528410293339,-1.34573355399075,-1.25483680353752
"Music Venues",-1.50671072467732,-0.891553836973685,-1.2078520466476
"Musical Instruments",-1.65020339983884,-1.18093870647411,-1.24547823841109
"Nanotechnology",0.918462550523156,0.634269258033688,2.25740826832955
"National Security",1.73260717186607,-0.625509451279292,1.20654583255528
"Native Advertising",-1.16417923556256,-0.0091269389768105,0.530957217121274
"Natural Language Processing",0.672354041312367,-1.87949047251645,-0.261989638962128
"Natural Resources",1.34686885105721,0.783184451617395,2.85645513985182
"Navigation",1.63223613318528,-0.832682003426325,1.27025369763501
"Network Hardware",0.237863144292755,-0.921070559855282,1.31816011850234
"Network Security",1.66437530943835,-1.76363105844096,0.755889792365776
"Neuroscience",-0.258349254284359,1.79800790575466,-2.31908544256701
"News",-1.2769519217059,-1.59298647106977,-0.772000049176865
"NFC",-0.465459315061951,-0.333708074530518,0.363679436135816
"Nightclubs",-1.64007148209489,0.000572195463764968,-1.30858585932291
"Nightlife",-1.67520646544181,-0.0254036686796935,-1.30740540160267
"Non Profit",-0.658365174419267,0.401678122713831,-2.05600746054542
"Non-Fungible Token (NFT)",2.82285845531382,-0.341421485601385,-1.33597054931208
"Nuclear",1.15279701901889,1.42101897311124,2.68057541979046
"Nursing and Residential Care",0.260561772408464,1.17317953512039,-2.07261709844541
"Nutraceutical",0.0249086788912631,1.60737222862063,-1.04913682062755
"Nutrition",-0.716798405640424,2.13776939486617,-0.535006139611825
"Office Administration",1.16318632195424,-0.439485738526605,0.0629359529426834
"Office Supplies",0.0302403487121738,1.16604162896547,-0.252052258812947
"Oil and Gas",1.33528069977982,1.39704783869893,2.87727911925523
"Oncology",-0.167037735083603,2.15486404738593,-2.61200743554477
"Online Auctions",-0.786653395033941,0.860746780194115,-0.316650222562637
"Online Forums",-2.05174611676437,0.289465967893298,0.454492215709392
"Online Games",-0.774872099734933,-0.852323120081534,-1.47760457477456
"Online Portals",-0.983946073315558,0.888793262384906,-0.0431502765154161
"Open Source",0.868611871862831,-1.80906042289518,0.34348752741248
"Operating Systems",1.13562387566509,-0.363908519364008,0.558778215801196
"Optical Communication",0.449730792069209,-0.854393745332107,1.34147272061153
"Organic",-0.720247130926482,2.18751365062395,-0.452396408909546
"Organic Food",-0.739146319845124,2.23592795297457,-0.428411673460808
"Outdoor Advertising",-0.958008127603016,-1.37769288415572,0.163440760741343
"Outdoors",-1.59498012229714,0.779716390556221,-0.525284443191631
"Outpatient Care",0.0871811704258354,1.32298039729867,-2.14633126166106
"Outsourcing",0.898041673835906,-0.562689732074477,-0.823118868413039
"PaaS",0.914920375495922,-1.83054691475719,0.371093999516906
"Packaging Services",0.896394755430784,0.329533726989596,1.99458966853611
"Paper Manufacturing",0.860418658585513,0.468402739410697,2.07310824368758
"Parenting",-0.434347643129108,0.198164397559753,-1.44726627971103
"Parking",0.515785742250366,-0.0103551498923034,0.883731584481721
"Parks",1.02795062271973,0.352963849683098,0.293439603908566
"Payments",1.8618391481922,0.235219600503548,-0.738300810244206
"PC Games",-0.826539595624821,-0.891102590657864,-1.49324790059719
"Peer to Peer",0.270412673688933,0.0945014432613975,-0.422519471008233
"Penetration Testing",1.44233243490898,-1.69311095211752,0.699139939496322
"Performing Arts",-1.50098356533833,-0.733687775323093,-1.50860587080845
"Personal Branding",-1.20161032602424,-0.703310951154465,0.421061944234462
"Personal Care and Hygiene",-0.492412927847977,1.52616344717071,-1.47543433030802
"Personal Development",0.292267901298756,-0.649542366983191,-1.96505251761464
"Personal Finance",1.8801733892215,0.25194337047737,-1.23269320195054
"Personal Health",-0.337188548043544,1.51401843080513,-1.99766782204212
"Personalization",-1.28923500382602,-0.510755450207772,0.751153521094232
"Pet",0.0663933719684113,1.01176508882095,-1.45724388705188
"Pharmaceutical",-0.168152171009426,2.15544880917498,-2.64631969682509
"Photo Editing",-0.727174271710878,-1.70220735754798,-0.643240269415109
"Photo Sharing",-0.742004441027842,-1.05700424060353,-0.361232318522161
"Photography",-0.744672267675965,-1.7077840412853,-0.686165101809465
"Physical Security",0.660764868332167,-0.330303191749555,1.12177477354516
"Plant-Based Foods",-0.645077956894283,2.07323055028768,-0.346672575161883
"Plastics and Rubber Manufacturing",0.913261071063916,0.407497823883688,2.13388273388532
"Podcast",-1.47140905978438,-1.27368647317801,-0.882717225053873
"Point of Sale",1.37322951969323,0.0272894607465873,-0.230703547913147
"Politics",-1.27430003335551,-1.74125196183675,-0.632079863783544
"Pollution Control",0.901870941462119,1.09726154439496,2.29340136966798
"Ports and Harbors",1.80413714643836,0.319213086245778,1.10349509102637
"Power Grid",1.37934441801601,1.57688274317659,2.82851508107144
"Precious Metals",1.39919454778439,0.708412061181811,2.89127121538456
"Precision Medicine",-0.109226255168657,2.08943451566405,-2.58916387037142
"Prediction Markets",-1.79055401417922,0.29225861889131,0.249483002258455
"Predictive Analytics",1.41755513401226,-1.68840831442624,-0.168676228256511
"Prepaid Cards",1.58520128661716,0.406717715970148,-0.0112784081300837
"Presentation Software",-1.75645225883925,-0.470475324708647,0.31194270078084
"Presentations",-1.81026746296016,-0.321130346226647,0.33275409753369
"Price Comparison",1.79120824740878,0.202991546041893,0.756481350415962
"Primary and Urgent Care",0.0316215584552442,1.35583096635416,-2.08869995891379
"Primary Education",0.0393730143919413,-0.849678917336241,-2.22178229197004
"Printing",-0.810741454253677,-1.69969647275176,-0.471035759137728
"Privacy",1.7735865885646,-1.80703367017521,0.818328391386569
"Private Cloud",0.65242060087733,-2.10455808773164,0.92538516747344
"Private Social Networking",-0.0625370247414825,-0.68904895385765,-0.347250312423502
"Procurement",0.295097235515454,-0.528008924858551,0.215789857249813
"Product Design",0.266637773774668,-0.606730090352802,0.780856421489334
"Product Management",0.393183508288655,-1.0107255269691,0.32412398139941
"Product Research",-0.106720727653924,2.16451051927393,-2.63647840437394
"Product Search",0.384418761395112,-2.11249038704167,-0.179093993901286
"Productivity Tools",0.903622242813473,-1.87131724719805,-0.209735192264225
"Professional Networking",0.071082196005757,-0.475656465757181,-1.25886842193976
"Professional Services",0.773463127090932,-0.808367630019687,-1.45397250960073
"Project Management",0.841750707864212,-1.00275144488183,-0.129047297769364
"Property Development",0.947192059451968,1.32022478856332,0.64850174811374
"Property Insurance",1.18656817790691,0.598370747344312,-1.58847853568148
"Property Management",0.985701099684058,1.28943489412436,0.613058932199354
"PropTech",1.01196311172,1.30195631872759,0.539656873683833
"Psychology",-0.100287063356959,1.55278754809056,-2.24258042523244
"Public Relations",-0.706601767659758,-0.828723877696253,0.161634299783138
"Public Safety",1.64112834277383,-0.78669534576829,0.973480784198399
"Public Transportation",1.37599839221419,0.572392297605296,0.96933141001181
"Publishing",-0.939487837524217,-1.60974572862832,-0.889823027270824
"Q&A",-1.4595782628775,0.277100100424663,0.101686356201744
"QR Codes",1.44026290185424,0.304040964054494,-0.311604416978837
"Quality Assurance",0.994654302378819,-1.54582021712706,0.75779002855165
"Quantified Self",-0.407883929681581,-0.354652826687873,-0.118974292402824
"Quantum Computing",0.474405672629683,-0.67127342667121,1.52365137206106
"Racing",0.50106737631833,0.428444183487313,0.0248950210909389
"Railroad",1.48482437357722,0.428712311362898,1.18555037818877
"Reading Apps",-0.325607069795554,-0.882890614077638,-1.94977724687652
"Real Estate",1.00760887960805,1.30001657324996,0.61097063522897
"Real Estate Brokerage",1.14935644175079,0.750422174974757,0.35103036034958
"Real Estate Investment",1.08820262456906,1.25784787965609,0.546622137970547
"Real Time",1.52346616695785,-1.11507049978706,1.26301183829995
"Recipes",-0.732708380310479,1.76590331528748,0.143058475145143
"Recreation",-1.35304768617954,0.611241965052322,-0.978624153306414
"Recreational Vehicles",1.20117423163871,0.437529075749945,1.18737856092547
"Recruiting",0.598226950243761,-0.684822648014047,-1.70265729759048
"Recycling",0.98388649149055,1.27770398887125,2.49245498760942
"Rehabilitation",-0.0723836299918181,1.33456827890614,-2.00722655381011
"Religion",-0.405767171691225,0.74928489444051,-1.4969922598604
"Remote Sensing",1.83029282616866,-0.603083504156098,1.01687545835182
"Renewable Energy",1.28545524294091,1.63989709436267,2.88285968287678
"Rental",1.09309665939284,1.08035315086525,0.655602957387225
"Rental Property",1.01830739441334,1.31846464597176,0.604540498114866
"Reputation",-1.35023600782834,-0.738181204630829,0.67080696389853
"Reservations",-1.41751605349644,0.218022885569189,-1.31693791345821
"Residential",0.930993807850768,1.25953056249489,0.65866627190016
"Resorts",0.0745512143312457,0.644166033962763,-0.290658511672159
"Restaurants",-0.610301897699797,1.89549753824896,-0.213904070634878
"Retail",-0.658509870824604,1.34465569703706,-0.594821124803833
"Retail Technology",-0.367089983199568,1.09315941500597,-0.509905018119849
"Retirement",0.82882191309678,0.7008758035968,-1.80108310617693
"RFID",-0.363873657715102,-0.335684714107939,0.400254920161763
"Ride Sharing",1.21457852784251,0.724973945465765,0.564537777589382
"Risk Management",1.8398544831104,-1.5671569309354,0.52480562069039
"Robotic Process Automation (RPA)",1.33576542772866,-0.516957402058489,1.38519792160002
"Robotics",1.47188114154325,-0.217631282011609,1.54453978120689
"Rugby",-2.39077362364751,0.36839053498957,0.721310061041584
"SaaS",1.02795878483895,-1.85523391294457,-0.300820644704478
"Sailing",-2.28726562255078,0.244223965259719,0.662042376657713
"Sales",-0.0637902414455702,-0.97251013620448,-0.281478001674384
"Sales Automation",0.0884174024255362,-1.32287515681168,-0.2218501803595
"Sales Enablement",0.194323818363548,-1.17861258907464,-0.164889235718848
"Same Day Delivery",-0.459703453491412,1.26832434417753,0.174773282376734
"Satellite Communication",1.28954200888067,-0.609841338872826,1.38547849028619
"Scheduling",0.283525694232698,-0.818380960542335,-0.146510586253066
"Seafood",-0.833213660821689,2.17388073032221,-0.162347016941886
"Search Engine",0.433509976455752,-2.06528258531353,-0.24899536850752
"Secondary Education",0.0530142353498606,-0.897296389139179,-2.20112280497483
"Secondhand Goods",-0.651286267947953,0.944993693944717,-0.220260448856216
"Security",1.71165358026863,-1.74324095647759,0.771862791061602
"Self-Storage",0.941828792741974,0.825033142665417,0.689111085890078
"SEM",-1.4342418233983,-0.610999246810074,0.81736810263739
"Semantic Search",0.375970113581046,-2.10883729970922,-0.258957809229621
"Semantic Web",-1.32748987705028,-1.70276313905223,-0.601141556053112
"Semiconductor",0.816034517075963,-0.425473544540887,1.83849086383863
"Sensor",1.03631461993238,-0.559884705215191,1.80337314728676
"SEO",-0.637399569671123,-1.54512138787869,-0.0113589828302787
"Serious Games",-1.11358529975181,-0.0277319588769954,-0.72895306602339
"Service Industry",0.019936639699127,0.610608796346355,-1.29797759089106
"Sex Industry",-2.31778780131539,0.466822619603285,0.815935938437856
"Sex Tech",-2.21482748975107,0.67985522148225,0.989909388219843
"Sharing Economy",1.00299036520091,0.815653472973125,0.6818043835645
"Shipping",1.81981906068006,0.38185697409206,1.2237735131907
"Shipping Broker",1.86570326245486,0.333053391907051,1.01390031560849
"Shoes",-0.828830609758361,1.31876279017417,-0.776878624648874
"Shopping",-0.651189831142739,1.2231603151408,-0.565492605420345
"Shopping Mall",0.895553635017707,0.397524369006874,0.61081404535489
"Simulation",0.549080644138436,-0.603553554135573,1.40908878654526
"Skiing",-1.80129447316673,0.694913742499626,-0.301054012596147
"Skill Assessment",0.250388256608053,-0.750491573459998,-2.06344357019433
"Small and Medium Businesses",1.52001271753409,-0.0636825389902838,-0.838657423728929
"Smart Building",0.643317556860781,0.709847656364841,1.42769684871032
"Smart Cities",0.97932826575321,0.107721058784577,1.44133873852541
"Smart Contracts",2.80995114710663,-0.331016766163849,-1.29042751400638
"Smart Home",0.50815494100018,0.160632568359649,1.36318170157149
"SMS",0.429159394025326,-1.04017566313041,0.272144814342155
"Snack Food",-0.681150219150208,2.06881345824228,-0.326517545702715
"SNS",-1.21297791795859,-0.966125938214372,0.193806384447987
"Soccer",-1.35603864415197,0.656221498971778,-0.906751740268764
"Social",-0.744185146685876,0.555516625657717,-2.09700308354356
"Social Assistance",-0.599093222833895,0.345152528159049,-2.06493406171106
"Social CRM",0.12032609714084,-0.929879812268473,-0.367252275401978
"Social Entrepreneurship",0.774631485179834,-0.226300266882899,-0.23412902370344
"Social Impact",-0.72069869196801,0.352405144235216,-2.04335171619073
"Social Media",-0.51764621319581,-1.14773780086586,-0.376143356825801
"Social Media Advertising",-1.24955412730382,-1.38719070467645,-0.175365667206132
"Social Media Management",-0.0484608877637367,-1.07505837519344,0.115525905753616
"Social Media Marketing",-0.896234029673235,-1.48795258077671,-0.222196564718567
"Social Network",-0.225113567774665,-0.469430460887763,-0.555206314955591
"Social News",-1.20844489808452,-1.68133719913388,-0.838570521998612
"Social Recruiting",0.417385515024367,-0.596683666324693,-1.67472041775757
"Social Shopping",-0.509580289291206,0.996180539070646,-0.453756983211139
"Software",1.2139997651236,-2.059085129999,-0.020968732097485
"Software Engineering",1.20235589273423,-1.98010575705927,0.214756492640787
"Solar",1.40519638786332,1.63760469077406,2.93627347506246
"Space Travel",1.54558221167732,-0.482139016954881,1.401358788054
"Special Education",-0.286283787118221,-0.164150848543207,-1.38844176852806
"Speech Recognition",0.550096048205123,-1.42265748931719,-0.415650453000418
"Sponsorship",-1.25272409657051,-0.369430944898461,-0.864565383791482
"Sporting Goods",-0.744893122470548,1.40862308614961,-0.902628621992358
"Sports",-1.52562608254789,0.455923473199206,-1.11381686391799
"Sports Leagues and Teams",-1.60914726100585,0.382300996519973,-1.06944546649921
"Staffing Agency",0.732170729142174,-0.706223763346112,-1.67566345880878
"STEM Education",0.153631883498577,-0.760957332261146,-2.17943294685723
"Stock Exchanges",2.08941270310534,-0.105632844071643,-1.11368507104849
"Subscription Service",-0.32549556185885,-1.47444449003637,-0.680265022630749
"Supply Chain Management",1.57297171533939,0.203336233904579,1.38405041568185
"Surfing",-2.59395775042405,0.398825579108223,0.731343336469539
"Sustainability",1.05902765193185,1.27283417858473,2.52278898086745
"Swimming",-1.51573506905551,0.673486049974655,-0.822336955123542
"Task Management",0.248580865159329,-0.783340707611098,0.00561379897269099
"Tax Consulting",1.39338997094041,-0.554338778248562,-1.179949141142
"Tax Preparation",1.19610754631392,-0.628280683161004,-1.13756853258819
"Taxi Service",1.38152481151794,0.522436400178707,0.230886375780935
"Tea",-0.891122970914018,1.90887071178159,-0.189620271842266
"Technical Support",0.977385762306543,-1.7976915408013,0.737275999718119
"Teenagers",-1.2408853603723,-0.441552717008666,0.253186278321612
"Telecommunications",0.618726777316545,-0.871687911051628,1.11996931430677
"Telehealth",-0.0385557734708346,1.39445817182688,-1.64672363060063
"Tennis",-1.6024434822586,0.658143605693306,-0.717001002760874
"Test and Measurement",1.73892876669039,-0.702613246849701,0.836333422628058
"Text Analytics",0.772395197416758,-1.50667744617403,-0.34672448165855
"Textbook",-1.56609640594323,0.347113460094053,0.631484803875514
"Textiles",-0.592669483132001,1.30680158337815,-0.865640847901338
"Theatre",-1.52681427105566,-0.78201479217291,-1.37136873842148
"Therapeutics",-0.230293383809987,2.13009330366214,-2.64034163072333
"Ticketing",-1.52409978843562,0.163823738430332,-1.37302505711379
"Timber",0.697058850147025,0.721094423236163,1.82468921682459
"Tobacco",-1.43971302593705,1.21921993947156,0.833266842439595
"Tour Operator",-1.2363565592111,1.01250547350819,0.35413214353694
"Tourism",0.437532545899554,0.962216950735851,-0.167674693286282
"Toys",-0.738613084947193,-0.129017940556551,-1.22459022860112
"Trade Shows",-0.757142913676572,-1.41251866184965,-0.340916391308059
"Trading Platform",2.67606031027928,-0.250407152754188,-1.26144994579016
"Training",0.230859558946373,-0.673677473675913,-2.03297144075557
"Transaction Processing",2.02919460591655,0.125922530163316,-0.631530572848331
"Translation Service",0.0594946953599687,-1.28567856251767,-0.978602423705535
"Transportation",1.4639470973418,0.462695918562989,1.20262904014362
"Travel",0.562748080645529,0.86077333215117,-0.212251327927409
"Travel Accommodations",0.533220227369394,1.04565640147366,-0.111401976795928
"Travel Agency",0.435784960914745,0.965551512819372,-0.164190069355148
"Tutoring",0.0756266495635805,-0.930373193548681,-2.20129902405638
"TV",-1.31639523111119,-1.42149299455538,-0.906383398236423
"TV Production",-1.39866721719385,-1.19108417059034,-0.977801404908566
"Ultimate Frisbee",-1.81725574225381,0.300722986723248,0.640152025174305
"Underserved Children",-0.623451373088392,0.214511852770686,-1.94963006492677
"Unified Communications",0.513573776356298,-1.0587793225341,0.121959365260271
"Universities",0.189521918907831,-0.754265754173849,-2.14776468806372
"Usability Testing",0.934135959843855,-1.59607564394545,0.743647404629353
"UX Design",0.401625941886162,-0.787014465515234,0.625472163509654
"Vacation Rental",0.555811738537933,1.08646519371909,-0.0140941327763978
"Vending and Concessions",0.910567865557474,0.848119120281254,0.212853408985151
"Venture Capital",1.843887756729,0.17698189538778,-0.957370202494856
"Vertical Search",0.012948689002755,-1.8512507224989,-0.334822610714108
"Veterinary",0.134632566977249,0.986223465889352,-1.50281253406862
"Video",-0.845260378522048,-1.64636096970819,-0.903592428417761
"Video Advertising",-1.12161618114298,-1.34275578528565,-0.272616206168095
"Video Chat",0.224017302831317,-1.7037790539528,-0.182835581545468
"Video Conferencing",0.358083436319813,-1.55364531646536,-0.092013630779786
"Video Editing",-0.75782506421888,-1.681575692104,-0.852441433456986
"Video Games",-0.741052485001101,-0.869980180573355,-1.49306540990421
"Video on Demand",-0.678951397250995,-1.71045881013068,-0.781244308733144
"Video Streaming",-1.03793306751648,-1.42836854294364,-1.1652782536654
"Virtual Assistant",0.273264226836708,-1.67571434021957,-0.10690080177535
"Virtual Currency",2.55922630690439,-0.321189921303085,-1.18032489393014
"Virtual Desktop",-1.96164590274472,0.367550949453522,1.23207022310781
"Virtual Goods",-1.36062056849342,-0.574131048438043,0.970643157145337
"Virtual Reality",-0.306937292156714,-0.763992271528588,-1.09097606857682
"Virtual Workforce",0.640897326096709,-0.646721687090628,-1.61245805663509
"Virtual World",0.103216197870785,-0.763099264848581,-1.06199767064565
"Virtualization",0.411568805327388,-1.99957415075698,1.11692054129884
"Visual Search",0.408046242819596,-2.12151426567768,-0.229297792294446
"Vocational Education",-1.87152524776379,-0.259849828524136,0.161730799590373
"VoIP",0.520124871592674,-0.824756247149934,0.0563767686422876
"Volley Ball",-2.38707802482636,0.346611716588609,0.54872261047817
"Warehouse Automation",1.36898772146095,-0.0499786365319935,1.64062490600343
"Warehousing",1.66078701981286,0.134492120926751,1.34409353351606
"Waste Management",1.00235545286008,1.3552993619699,2.60254758247866
"Water",0.985789227659938,1.19848102675797,2.51128870486532
"Water Purification",1.01877185836996,1.31035651489006,2.58313800141729
"Water Transportation",1.58210640388382,0.245998570738337,1.33456054632717
"Wealth Management",1.88749789802704,0.219567167195083,-1.20584230647413
"Wearables",-0.326231837140546,1.59617311494019,-2.10985969575781
"Web Apps",-0.17251082908031,-0.775247662317046,-0.508222563384487
"Web Browsers",0.978564563717508,-1.22205674649795,0.631247120432688
"Web Design",-0.685102938675774,-1.65280036640657,-0.550754089918332
"Web Development",1.07647964852865,-2.09448432198835,0.102086650914236
"Web Hosting",0.346966874461542,-1.98910739526609,0.884667770438438
"Web3",2.81340083539845,-0.339959758641193,-1.32250476525163
"WebOS",-1.71241916693796,0.0756880574615811,-0.0712209050003504
"Wedding",-1.50977126918003,0.108720718461536,-1.12480959324711
"Wellness",-0.329236966026057,1.69912237291911,-2.17182968782155
"Wholesale",-0.574240092515833,1.48740570139138,-0.429483414473683
"Wildlife Conservation",0.82784838795224,0.911369731853109,1.98278996732037
"Wind Energy",1.38762999226131,1.67131531580084,2.90830812728599
"Wine And Spirits",-0.90321639090436,1.49720973024386,-0.229289131083451
"Winery",-0.909396956373851,1.39346391542554,-0.11006486051031
"Wired Telecommunications",0.547533038422311,-0.89671245692685,1.27972142432259
"Wireless",0.718747198914266,-0.697561681739719,1.39040754726863
"Women's",-0.581686947887497,1.24944622409066,-1.77788855684534
"Wood Processing",0.651083550335762,0.847271732903761,1.34020751676199
"Young Adults",-0.742305556800154,0.507186674077158,-2.05628225689454
