step,Rank,W.Rank,Author,Institution,City,Country,Score
1,1,2,Jan K. De Loecker,KU Leuven -> Faculteit Economie en Bedrijfswetenschappen -> Department of Economics -> Centrum voor Economie en Duurzaam Ondernemen (CEDON),Leuven,Belgium,3.31
1,2,8,Stijn Baert,Universiteit Gent -> Faculteit Economie en Bedrijfskunde; Université Catholique de Louvain -> Louvain Institute of Data Analysis and Modelling in Economics and Statistics (LIDAM) -> Institut de Recherche Économique et Sociale (IRES),Gent; Louvain-la-Neuve,Belgium; Belgium,7.06
1,3,17,Frank Verboven (F Verboven),KU Leuven -> Faculteit Economie en Bedrijfswetenschappen -> Department of Economics,Leuven,Belgium,7.24
1,4,12,Jozef Konings,KU Leuven -> Faculteit Economie en Bedrijfswetenschappen -> Vlaams Instituut voor Economie en Samenleving (VIVES),Leuven,Belgium,8.63
1,5,14,Gert Peersman,Universiteit Gent -> Faculteit Economie en Bedrijfskunde,Gent,Belgium,8.68
1,6,15,Hans Degryse,KU Leuven -> Faculteit Economie en Bedrijfswetenschappen,Leuven,Belgium,8.87
1,7,16,David de la Croix,Université Catholique de Louvain -> Louvain Institute of Data Analysis and Modelling in Economics and Statistics (LIDAM) -> Institut de Recherche Économique et Sociale (IRES),Louvain-la-Neuve,Belgium,9.47
1,8,18,Leopold Simar,Université Catholique de Louvain -> Louvain Institute of Data Analysis and Modelling in Economics and Statistics (LIDAM) -> Center for Operations Research and Econometrics (CORE),Louvain-la-Neuve,Belgium,10.35
1,9,21,Emmanuel Dhyne,Nationale Bank van België/Banque national de Belqique (BNB); Université de Mons -> Faculté Warocqué d'Économie et de Gestion,Bruxelles/Brussel; Mons,Belgium; Belgium,10.68
1,10,32,Kris Boudt,Universiteit Gent -> Faculteit Economie en Bedrijfskunde,Gent,Belgium,13.07
1,11,6,Pierre-Alexandre Balland,Centre for European Policy Studies (CEPS),Bruxelles/Brussel,Belgium,13.43
1,12,27,Dirk Czarnitzki,"KU Leuven -> Faculteit Economie en Bedrijfswetenschappen; KU Leuven -> Faculteit Economie en Bedrijfswetenschappen -> Onderzoekseenheid Bedrijfseconomie, Strategie en Innovatie",Leuven; Leuven,Belgium; Belgium,13.87
1,13,29,Bram De Rock,Université Libre de Bruxelles -> Solvay Brussels School of Economics and Management -> European Centre for Advanced Research in Economics and Statistics (ECARES),Bruxelles,Belgium,14.03
1,14,20,Stef Proost,KU Leuven -> Faculteit Economie en Bedrijfswetenschappen -> Department of Economics,Leuven,Belgium,14.99
1,15,30,Ansgar Rannenberg,Nationale Bank van België/Banque national de Belqique (BNB),Bruxelles/Brussel,Belgium,15.20
1,16,38,Klaas Mulier,KU Leuven -> Faculteit Economie en Bedrijfswetenschappen,Leuven,Belgium,15.40
1,17,34,Danny Cassimon,Universiteit Antwerpen -> Instituut voor Ontwikkelingsbeleid en -beheer (IOB),Antwerpen,Belgium,17.06
1,18,35,Reinhilde Veugelers,"KU Leuven -> Faculteit Economie en Bedrijfswetenschappen -> Onderzoekseenheid Bedrijfseconomie, Strategie en Innovatie; Bruegel",Leuven; Bruxelles/Brussel,Belgium; Belgium,18.21
1,19,44,Olivier De Jonghe,Nationale Bank van België/Banque national de Belqique (BNB),Bruxelles/Brussel,Belgium,18.45
1,20,26,Guntram Wolff,Bruegel; Université Libre de Bruxelles -> Solvay Brussels School of Economics and Management -> European Centre for Advanced Research in Economics and Statistics (ECARES),Bruxelles/Brussel; Bruxelles,Belgium; Belgium,18.53
1,21,43,Ferdinand Vieider,Universiteit Gent -> Faculteit Economie en Bedrijfskunde -> Vakgroep Economie; Universiteit Gent -> Faculteit Economie en Bedrijfskunde,Gent; Gent,Belgium; Belgium,19.43
1,22,45,Paul Belleflamme,Université Catholique de Louvain -> Louvain Institute of Data Analysis and Modelling in Economics and Statistics (LIDAM) -> Center for Operations Research and Econometrics (CORE),Louvain-la-Neuve,Belgium,19.59
1,23,49,Philip Ushchev,Université Libre de Bruxelles -> Solvay Brussels School of Economics and Management -> European Centre for Advanced Research in Economics and Statistics (ECARES),Bruxelles,Belgium,21.24
1,24,41,Laurens Cherchye,KU Leuven -> Faculteit Economie en Bedrijfswetenschappen -> Department of Economics,Leuven,Belgium,21.43
1,25,31,Francois Rycx,Université Catholique de Louvain -> Louvain Institute of Data Analysis and Modelling in Economics and Statistics (LIDAM) -> Institut de Recherche Économique et Sociale (IRES); Université de Mons -> Faculté Warocqué d'Économie et de Gestion; Université Libre de Bruxelles -> Solvay Brussels School of Economics and Management -> Département d'Économie Appliquée (DULBEA); Université Libre de Bruxelles -> Solvay Brussels School of Economics and Management -> Centre Emile Bernheim,Louvain-la-Neuve; Mons; Bruxelles; Bruxelles,Belgium; Belgium; Belgium; Belgium,22.09
1,26,33,Barnabé Walheer (Barnabe Walheer),Université de Liège -> HEC École de Gestion,Liège,Belgium,22.23
1,27,48,Marc Hallin,Université Libre de Bruxelles -> Solvay Brussels School of Economics and Management -> European Centre for Advanced Research in Economics and Statistics (ECARES),Bruxelles,Belgium,25.31
1,28,57,Glenn Magerman,Université Libre de Bruxelles -> Solvay Brussels School of Economics and Management -> European Centre for Advanced Research in Economics and Statistics (ECARES),Bruxelles,Belgium,26.02
1,29,55,Thomas Demuynck,Université Libre de Bruxelles -> Solvay Brussels School of Economics and Management -> European Centre for Advanced Research in Economics and Statistics (ECARES),Bruxelles,Belgium,26.21
1,30,28,Pierre Pestieau,Université de Liège -> HEC École de Gestion -> Centre de Recherche en Économie Publique et de la Population (CREPP); Université Catholique de Louvain -> Louvain Institute of Data Analysis and Modelling in Economics and Statistics (LIDAM) -> Center for Operations Research and Econometrics (CORE),Liège; Louvain-la-Neuve,Belgium; Belgium,26.96
1,31,50,Daniel Gros,Centre for European Policy Studies (CEPS),Bruxelles/Brussel,Belgium,29.63
1,32,58,Lukas Vogel,European Commission -> Directorate-General Economic and Financial Affairs (ECFIN); Université Catholique de Louvain -> Louvain Institute of Data Analysis and Modelling in Economics and Statistics (LIDAM) -> Institut de Recherche Économique et Sociale (IRES),Bruxelles/Brussel; Louvain-la-Neuve,Belgium; Belgium,29.70
1,33,47,Francois Paul Maniquet,Université Catholique de Louvain -> Louvain Institute of Data Analysis and Modelling in Economics and Statistics (LIDAM) -> Center for Operations Research and Econometrics (CORE),Louvain-la-Neuve,Belgium,30.94
1,34,56,Olivier Sterck,Universiteit Antwerpen -> Instituut voor Ontwikkelingsbeleid en -beheer (IOB),Antwerpen,Belgium,31.84
1,35,46,Rene Belderbos,"KU Leuven -> Faculteit Economie en Bedrijfswetenschappen -> Onderzoekseenheid Bedrijfseconomie, Strategie en Innovatie",Leuven,Belgium,31.85
1,36,39,Marten Ovaere,Universiteit Gent -> Faculteit Economie en Bedrijfskunde -> Vakgroep Economie,Gent,Belgium,33.69
1,37,69,Christian Matthias Hafner,"Université Catholique de Louvain -> Louvain Institute of Data Analysis and Modelling in Economics and Statistics (LIDAM) -> Institute of Statistics, Biostatistics and Actuarial Sciences (ISBA)",Louvain-la-Neuve,Belgium,34.27
1,38,1,Simplice A. Asongu,European Xtramile Centre of African Studies (EXCAS); Université de Liège -> HEC École de Gestion,Liège; Liège,Belgium; Belgium,34.34
1,39,24,Jonathan Mark Karpoff,European Corporate Governance Institute (ECGI),Bruxelles/Brussel,Belgium,34.44
1,40,66,Georg Zachmann,Bruegel,Bruxelles/Brussel,Belgium,37.77
1,41,74,Paula Gobbi,Université Libre de Bruxelles -> Solvay Brussels School of Economics and Management -> European Centre for Advanced Research in Economics and Statistics (ECARES),Bruxelles,Belgium,37.94
1,42,65,Jean Hindriks,Université Catholique de Louvain -> Louvain Institute of Data Analysis and Modelling in Economics and Statistics (LIDAM),Louvain-la-Neuve,Belgium,40.14
1,43,61,Steven Vanduffel,"Vrije Universiteit Brussel -> Faculteit van de Economische, Sociale en Politieke Wetenschappen en Solvay Management School",Brussel,Belgium,40.89
1,44,71,Frédéric Vrins (Frederic Vrins),Université Catholique de Louvain -> Louvain Institute of Data Analysis and Modelling in Economics and Statistics (LIDAM) -> Louvain Finance,Louvain-la-Neuve,Belgium,41.72
1,45,25,Ilan D. Tojerow,Université Libre de Bruxelles -> Solvay Brussels School of Economics and Management -> Département d'Économie Appliquée (DULBEA),Bruxelles,Belgium,41.99
1,46,96,Mike Mariathasan,KU Leuven -> Faculteit Economie en Bedrijfswetenschappen,Leuven,Belgium,42.79
1,47,73,Pierre-Guillaume Méon (Pierre-Guillaume Meon),Université Libre de Bruxelles -> Solvay Brussels School of Economics and Management -> Centre Emile Bernheim,Bruxelles,Belgium,43.68
1,48,42,Jacques Thisse (Jacques François Thisse),Université Catholique de Louvain -> Louvain Institute of Data Analysis and Modelling in Economics and Statistics (LIDAM) -> Center for Operations Research and Econometrics (CORE),Louvain-la-Neuve,Belgium,44.26
1,49,70,Alessandro Olper,KU Leuven -> Faculteit Economie en Bedrijfswetenschappen -> LICOS Centre for Institutions and Economic Performance,Leuven,Belgium,46.60
1,50,67,Ariane Szafarz,Université Libre de Bruxelles -> Solvay Brussels School of Economics and Management -> Centre Emile Bernheim; Centre for European Research in Microfinance (CERMi),Bruxelles; Bruxelles/Brussel,Belgium; Belgium,47.33
2,1,2,Jan K. De Loecker,KU Leuven -> Faculteit Economie en Bedrijfswetenschappen -> Department of Economics -> Centrum voor Economie en Duurzaam Ondernemen (CEDON),Leuven,Belgium,2.25
2,2,7,Stijn Baert,Universiteit Gent -> Faculteit Economie en Bedrijfskunde; Université Catholique de Louvain -> Louvain Institute of Data Analysis and Modelling in Economics and Statistics (LIDAM) -> Institut de Recherche Économique et Sociale (IRES),Gent; Louvain-la-Neuve,Belgium; Belgium,6.43
2,3,15,Frank Verboven (F Verboven),KU Leuven -> Faculteit Economie en Bedrijfswetenschappen -> Department of Economics,Leuven,Belgium,6.77
2,4,17,Gert Peersman,Universiteit Gent -> Faculteit Economie en Bedrijfskunde,Gent,Belgium,7.59
2,5,16,David de la Croix,Université Catholique de Louvain -> Louvain Institute of Data Analysis and Modelling in Economics and Statistics (LIDAM) -> Institut de Recherche Économique et Sociale (IRES),Louvain-la-Neuve,Belgium,7.78
2,6,13,Hans Degryse,KU Leuven -> Faculteit Economie en Bedrijfswetenschappen,Leuven,Belgium,8.51
2,7,12,Jozef Konings,KU Leuven -> Faculteit Economie en Bedrijfswetenschappen -> Vlaams Instituut voor Economie en Samenleving (VIVES),Leuven,Belgium,8.54
2,8,18,Leopold Simar,Université Catholique de Louvain -> Louvain Institute of Data Analysis and Modelling in Economics and Statistics (LIDAM) -> Center for Operations Research and Econometrics (CORE),Louvain-la-Neuve,Belgium,9.65
2,9,21,Emmanuel Dhyne,Nationale Bank van België/Banque national de Belqique (BNB); Université de Mons -> Faculté Warocqué d'Économie et de Gestion,Bruxelles/Brussel; Mons,Belgium; Belgium,11.10
2,10,22,Dirk Czarnitzki,"KU Leuven -> Faculteit Economie en Bedrijfswetenschappen; KU Leuven -> Faculteit Economie en Bedrijfswetenschappen -> Onderzoekseenheid Bedrijfseconomie, Strategie en Innovatie",Leuven; Leuven,Belgium; Belgium,12.16
2,11,5,Pierre-Alexandre Balland,Centre for European Policy Studies (CEPS),Bruxelles/Brussel,Belgium,12.46
2,12,26,Bram De Rock,Université Libre de Bruxelles -> Solvay Brussels School of Economics and Management -> European Centre for Advanced Research in Economics and Statistics (ECARES),Bruxelles,Belgium,14.84
2,13,24,Kris Boudt,Universiteit Gent -> Faculteit Economie en Bedrijfskunde,Gent,Belgium,14.86
2,14,31,Klaas Mulier,KU Leuven -> Faculteit Economie en Bedrijfswetenschappen,Leuven,Belgium,15.06
2,15,29,Ansgar Rannenberg,Nationale Bank van België/Banque national de Belqique (BNB),Bruxelles/Brussel,Belgium,15.72
2,16,25,Reinhilde Veugelers,"KU Leuven -> Faculteit Economie en Bedrijfswetenschappen -> Onderzoekseenheid Bedrijfseconomie, Strategie en Innovatie; Bruegel",Leuven; Bruxelles/Brussel,Belgium; Belgium,17.32
2,17,28,Stef Proost,KU Leuven -> Faculteit Economie en Bedrijfswetenschappen -> Department of Economics,Leuven,Belgium,17.64
2,18,32,Danny Cassimon,Universiteit Antwerpen -> Instituut voor Ontwikkelingsbeleid en -beheer (IOB),Antwerpen,Belgium,17.90
2,19,38,Olivier De Jonghe,Nationale Bank van België/Banque national de Belqique (BNB),Bruxelles/Brussel,Belgium,19.14
2,20,37,Paul Belleflamme,Université Catholique de Louvain -> Louvain Institute of Data Analysis and Modelling in Economics and Statistics (LIDAM) -> Center for Operations Research and Econometrics (CORE),Louvain-la-Neuve,Belgium,20.36
2,21,34,Guntram Wolff,Bruegel; Université Libre de Bruxelles -> Solvay Brussels School of Economics and Management -> European Centre for Advanced Research in Economics and Statistics (ECARES),Bruxelles/Brussel; Bruxelles,Belgium; Belgium,20.72
2,22,36,Ferdinand Vieider,Universiteit Gent -> Faculteit Economie en Bedrijfskunde -> Vakgroep Economie; Universiteit Gent -> Faculteit Economie en Bedrijfskunde,Gent; Gent,Belgium; Belgium,20.81
2,23,41,Laurens Cherchye,KU Leuven -> Faculteit Economie en Bedrijfswetenschappen -> Department of Economics,Leuven,Belgium,21.43
2,24,43,Philip Ushchev,Université Libre de Bruxelles -> Solvay Brussels School of Economics and Management -> European Centre for Advanced Research in Economics and Statistics (ECARES),Bruxelles,Belgium,24.49
2,25,30,Francois Rycx,Université Catholique de Louvain -> Louvain Institute of Data Analysis and Modelling in Economics and Statistics (LIDAM) -> Institut de Recherche Économique et Sociale (IRES); Université de Mons -> Faculté Warocqué d'Économie et de Gestion; Université Libre de Bruxelles -> Solvay Brussels School of Economics and Management -> Département d'Économie Appliquée (DULBEA); Université Libre de Bruxelles -> Solvay Brussels School of Economics and Management -> Centre Emile Bernheim,Louvain-la-Neuve; Mons; Bruxelles; Bruxelles,Belgium; Belgium; Belgium; Belgium,24.91
2,26,50,Thomas Demuynck,Université Libre de Bruxelles -> Solvay Brussels School of Economics and Management -> European Centre for Advanced Research in Economics and Statistics (ECARES),Bruxelles,Belgium,26.87
2,27,47,Barnabé Walheer (Barnabe Walheer),Université de Liège -> HEC École de Gestion,Liège,Belgium,27.35
2,28,46,Marc Hallin,Université Libre de Bruxelles -> Solvay Brussels School of Economics and Management -> European Centre for Advanced Research in Economics and Statistics (ECARES),Bruxelles,Belgium,29.18
2,29,52,Glenn Magerman,Université Libre de Bruxelles -> Solvay Brussels School of Economics and Management -> European Centre for Advanced Research in Economics and Statistics (ECARES),Bruxelles,Belgium,29.20
2,30,27,Pierre Pestieau,Université de Liège -> HEC École de Gestion -> Centre de Recherche en Économie Publique et de la Population (CREPP); Université Catholique de Louvain -> Louvain Institute of Data Analysis and Modelling in Economics and Statistics (LIDAM) -> Center for Operations Research and Econometrics (CORE),Liège; Louvain-la-Neuve,Belgium; Belgium,29.98
2,31,51,Lukas Vogel,European Commission -> Directorate-General Economic and Financial Affairs (ECFIN); Université Catholique de Louvain -> Louvain Institute of Data Analysis and Modelling in Economics and Statistics (LIDAM) -> Institut de Recherche Économique et Sociale (IRES),Bruxelles/Brussel; Louvain-la-Neuve,Belgium; Belgium,31.94
2,32,48,Olivier Sterck,Universiteit Antwerpen -> Instituut voor Ontwikkelingsbeleid en -beheer (IOB),Antwerpen,Belgium,33.13
2,33,39,Rene Belderbos,"KU Leuven -> Faculteit Economie en Bedrijfswetenschappen -> Onderzoekseenheid Bedrijfseconomie, Strategie en Innovatie",Leuven,Belgium,33.23
2,34,23,Jonathan Mark Karpoff,European Corporate Governance Institute (ECGI),Bruxelles/Brussel,Belgium,36.78
2,35,57,Daniel Gros,Centre for European Policy Studies (CEPS),Bruxelles/Brussel,Belgium,36.87
2,36,59,Christian Matthias Hafner,"Université Catholique de Louvain -> Louvain Institute of Data Analysis and Modelling in Economics and Statistics (LIDAM) -> Institute of Statistics, Biostatistics and Actuarial Sciences (ISBA)",Louvain-la-Neuve,Belgium,37.06
2,37,44,Francois Paul Maniquet,Université Catholique de Louvain -> Louvain Institute of Data Analysis and Modelling in Economics and Statistics (LIDAM) -> Center for Operations Research and Econometrics (CORE),Louvain-la-Neuve,Belgium,38.61
2,38,62,Paula Gobbi,Université Libre de Bruxelles -> Solvay Brussels School of Economics and Management -> European Centre for Advanced Research in Economics and Statistics (ECARES),Bruxelles,Belgium,40.47
2,39,61,Georg Zachmann,Bruegel,Bruxelles/Brussel,Belgium,41.83
2,40,60,Pierre-Guillaume Méon (Pierre-Guillaume Meon),Université Libre de Bruxelles -> Solvay Brussels School of Economics and Management -> Centre Emile Bernheim,Bruxelles,Belgium,44.22
2,41,90,Mike Mariathasan,KU Leuven -> Faculteit Economie en Bedrijfswetenschappen,Leuven,Belgium,45.76
2,42,42,Jacques Thisse (Jacques François Thisse),Université Catholique de Louvain -> Louvain Institute of Data Analysis and Modelling in Economics and Statistics (LIDAM) -> Center for Operations Research and Econometrics (CORE),Louvain-la-Neuve,Belgium,47.05
2,43,70,Rudi Vander Vennet,Universiteit Gent -> Faculteit Economie en Bedrijfskunde,Gent,Belgium,50.64
2,44,74,Frédéric Vrins (Frederic Vrins),Université Catholique de Louvain -> Louvain Institute of Data Analysis and Modelling in Economics and Statistics (LIDAM) -> Louvain Finance,Louvain-la-Neuve,Belgium,51.46
2,45,67,Alessandro Olper,KU Leuven -> Faculteit Economie en Bedrijfswetenschappen -> LICOS Centre for Institutions and Economic Performance,Leuven,Belgium,51.81
2,46,63,Ariane Szafarz,Université Libre de Bruxelles -> Solvay Brussels School of Economics and Management -> Centre Emile Bernheim; Centre for European Research in Microfinance (CERMi),Bruxelles; Bruxelles/Brussel,Belgium; Belgium,52.04
2,47,83,Koen Inghelbrecht,Universiteit Gent -> Faculteit Economie en Bedrijfskunde -> Vakgroep Economie,Gent,Belgium,53.54
2,48,19,Ibrahim Dolapo Raheem,European Xtramile Centre of African Studies (EXCAS),Liège,Belgium,53.81
2,49,66,Jean Hindriks,Université Catholique de Louvain -> Louvain Institute of Data Analysis and Modelling in Economics and Statistics (LIDAM),Louvain-la-Neuve,Belgium,53.84
2,50,81,Axel Gautier,Université de Liège -> HEC École de Gestion; Université Catholique de Louvain -> Louvain Institute of Data Analysis and Modelling in Economics and Statistics (LIDAM) -> Center for Operations Research and Econometrics (CORE),Liège; Louvain-la-Neuve,Belgium; Belgium,54.61
3,1,2,Jan K. De Loecker,KU Leuven -> Faculteit Economie en Bedrijfswetenschappen -> Department of Economics -> Centrum voor Economie en Duurzaam Ondernemen (CEDON),Leuven,Belgium,2.25
3,2,7,Stijn Baert,Universiteit Gent -> Faculteit Economie en Bedrijfskunde; Université Catholique de Louvain -> Louvain Institute of Data Analysis and Modelling in Economics and Statistics (LIDAM) -> Institut de Recherche Économique et Sociale (IRES),Gent; Louvain-la-Neuve,Belgium; Belgium,6.17
3,3,15,Frank Verboven (F Verboven),KU Leuven -> Faculteit Economie en Bedrijfswetenschappen -> Department of Economics,Leuven,Belgium,6.53
3,4,19,Gert Peersman,Universiteit Gent -> Faculteit Economie en Bedrijfskunde,Gent,Belgium,8.22
3,5,14,Hans Degryse,KU Leuven -> Faculteit Economie en Bedrijfswetenschappen,Leuven,Belgium,8.51
3,6,12,Jozef Konings,KU Leuven -> Faculteit Economie en Bedrijfswetenschappen -> Vlaams Instituut voor Economie en Samenleving (VIVES),Leuven,Belgium,8.58
3,7,16,David de la Croix,Université Catholique de Louvain -> Louvain Institute of Data Analysis and Modelling in Economics and Statistics (LIDAM) -> Institut de Recherche Économique et Sociale (IRES),Louvain-la-Neuve,Belgium,8.76
3,8,17,Leopold Simar,Université Catholique de Louvain -> Louvain Institute of Data Analysis and Modelling in Economics and Statistics (LIDAM) -> Center for Operations Research and Econometrics (CORE),Louvain-la-Neuve,Belgium,9.18
3,9,5,Pierre-Alexandre Balland,Centre for European Policy Studies (CEPS),Bruxelles/Brussel,Belgium,10.59
3,10,22,Emmanuel Dhyne,Nationale Bank van België/Banque national de Belqique (BNB); Université de Mons -> Faculté Warocqué d'Économie et de Gestion,Bruxelles/Brussel; Mons,Belgium; Belgium,11.33
3,11,23,Dirk Czarnitzki,"KU Leuven -> Faculteit Economie en Bedrijfswetenschappen; KU Leuven -> Faculteit Economie en Bedrijfswetenschappen -> Onderzoekseenheid Bedrijfseconomie, Strategie en Innovatie",Leuven; Leuven,Belgium; Belgium,13.11
3,12,24,Kris Boudt,Universiteit Gent -> Faculteit Economie en Bedrijfskunde,Gent,Belgium,13.22
3,13,25,Bram De Rock,Université Libre de Bruxelles -> Solvay Brussels School of Economics and Management -> European Centre for Advanced Research in Economics and Statistics (ECARES),Bruxelles,Belgium,14.95
3,14,33,Klaas Mulier,KU Leuven -> Faculteit Economie en Bedrijfswetenschappen,Leuven,Belgium,15.99
3,15,29,Ansgar Rannenberg,Nationale Bank van België/Banque national de Belqique (BNB),Bruxelles/Brussel,Belgium,16.98
3,16,26,Stef Proost,KU Leuven -> Faculteit Economie en Bedrijfswetenschappen -> Department of Economics,Leuven,Belgium,18.15
3,17,32,Danny Cassimon,Universiteit Antwerpen -> Instituut voor Ontwikkelingsbeleid en -beheer (IOB),Antwerpen,Belgium,18.51
3,18,27,Reinhilde Veugelers,"KU Leuven -> Faculteit Economie en Bedrijfswetenschappen -> Onderzoekseenheid Bedrijfseconomie, Strategie en Innovatie; Bruegel",Leuven; Bruxelles/Brussel,Belgium; Belgium,18.58
3,19,37,Christian Matthias Hafner,"Université Catholique de Louvain -> Louvain Institute of Data Analysis and Modelling in Economics and Statistics (LIDAM) -> Institute of Statistics, Biostatistics and Actuarial Sciences (ISBA)",Louvain-la-Neuve,Belgium,19.10
3,20,41,Olivier De Jonghe,Nationale Bank van België/Banque national de Belqique (BNB),Bruxelles/Brussel,Belgium,19.65
3,21,35,Ferdinand Vieider,Universiteit Gent -> Faculteit Economie en Bedrijfskunde -> Vakgroep Economie; Universiteit Gent -> Faculteit Economie en Bedrijfskunde,Gent; Gent,Belgium; Belgium,20.35
3,22,38,Paul Belleflamme,Université Catholique de Louvain -> Louvain Institute of Data Analysis and Modelling in Economics and Statistics (LIDAM) -> Center for Operations Research and Econometrics (CORE),Louvain-la-Neuve,Belgium,20.50
3,23,36,Guntram Wolff,Bruegel; Université Libre de Bruxelles -> Solvay Brussels School of Economics and Management -> European Centre for Advanced Research in Economics and Statistics (ECARES),Bruxelles/Brussel; Bruxelles,Belgium; Belgium,21.32
3,24,42,Laurens Cherchye,KU Leuven -> Faculteit Economie en Bedrijfswetenschappen -> Department of Economics,Leuven,Belgium,22.49
3,25,47,Thomas Demuynck,Université Libre de Bruxelles -> Solvay Brussels School of Economics and Management -> European Centre for Advanced Research in Economics and Statistics (ECARES),Bruxelles,Belgium,24.04
3,26,45,Philip Ushchev,Université Libre de Bruxelles -> Solvay Brussels School of Economics and Management -> European Centre for Advanced Research in Economics and Statistics (ECARES),Bruxelles,Belgium,24.85
3,27,31,Francois Rycx,Université Catholique de Louvain -> Louvain Institute of Data Analysis and Modelling in Economics and Statistics (LIDAM) -> Institut de Recherche Économique et Sociale (IRES); Université de Mons -> Faculté Warocqué d'Économie et de Gestion; Université Libre de Bruxelles -> Solvay Brussels School of Economics and Management -> Département d'Économie Appliquée (DULBEA); Université Libre de Bruxelles -> Solvay Brussels School of Economics and Management -> Centre Emile Bernheim,Louvain-la-Neuve; Mons; Bruxelles; Bruxelles,Belgium; Belgium; Belgium; Belgium,26.34
3,28,48,Marc Hallin,Université Libre de Bruxelles -> Solvay Brussels School of Economics and Management -> European Centre for Advanced Research in Economics and Statistics (ECARES),Bruxelles,Belgium,27.96
3,29,50,Barnabé Walheer (Barnabe Walheer),Université de Liège -> HEC École de Gestion,Liège,Belgium,29.21
3,30,53,Glenn Magerman,Université Libre de Bruxelles -> Solvay Brussels School of Economics and Management -> European Centre for Advanced Research in Economics and Statistics (ECARES),Bruxelles,Belgium,30.00
3,31,28,Pierre Pestieau,Université de Liège -> HEC École de Gestion -> Centre de Recherche en Économie Publique et de la Population (CREPP); Université Catholique de Louvain -> Louvain Institute of Data Analysis and Modelling in Economics and Statistics (LIDAM) -> Center for Operations Research and Econometrics (CORE),Liège; Louvain-la-Neuve,Belgium; Belgium,31.80
3,32,52,Lukas Vogel,European Commission -> Directorate-General Economic and Financial Affairs (ECFIN); Université Catholique de Louvain -> Louvain Institute of Data Analysis and Modelling in Economics and Statistics (LIDAM) -> Institut de Recherche Économique et Sociale (IRES),Bruxelles/Brussel; Louvain-la-Neuve,Belgium; Belgium,32.75
3,33,49,Olivier Sterck,Universiteit Antwerpen -> Instituut voor Ontwikkelingsbeleid en -beheer (IOB),Antwerpen,Belgium,33.49
3,34,40,Rene Belderbos,"KU Leuven -> Faculteit Economie en Bedrijfswetenschappen -> Onderzoekseenheid Bedrijfseconomie, Strategie en Innovatie",Leuven,Belgium,34.20
3,35,21,Jonathan Mark Karpoff,European Corporate Governance Institute (ECGI),Bruxelles/Brussel,Belgium,35.06
3,36,58,Daniel Gros,Centre for European Policy Studies (CEPS),Bruxelles/Brussel,Belgium,36.45
3,37,44,Francois Paul Maniquet,Université Catholique de Louvain -> Louvain Institute of Data Analysis and Modelling in Economics and Statistics (LIDAM) -> Center for Operations Research and Econometrics (CORE),Louvain-la-Neuve,Belgium,37.97
3,38,62,Paula Gobbi,Université Libre de Bruxelles -> Solvay Brussels School of Economics and Management -> European Centre for Advanced Research in Economics and Statistics (ECARES),Bruxelles,Belgium,40.49
3,39,61,Georg Zachmann,Bruegel,Bruxelles/Brussel,Belgium,41.47
3,40,60,Pierre-Guillaume Méon (Pierre-Guillaume Meon),Université Libre de Bruxelles -> Solvay Brussels School of Economics and Management -> Centre Emile Bernheim,Bruxelles,Belgium,44.86
3,41,43,Jacques Thisse (Jacques François Thisse),Université Catholique de Louvain -> Louvain Institute of Data Analysis and Modelling in Economics and Statistics (LIDAM) -> Center for Operations Research and Econometrics (CORE),Louvain-la-Neuve,Belgium,46.72
3,42,91,Mike Mariathasan,KU Leuven -> Faculteit Economie en Bedrijfswetenschappen,Leuven,Belgium,47.77
3,43,64,Alessandro Olper,KU Leuven -> Faculteit Economie en Bedrijfswetenschappen -> LICOS Centre for Institutions and Economic Performance,Leuven,Belgium,50.29
3,44,70,Rudi Vander Vennet,Universiteit Gent -> Faculteit Economie en Bedrijfskunde,Gent,Belgium,51.34
3,45,75,Frédéric Vrins (Frederic Vrins),Université Catholique de Louvain -> Louvain Institute of Data Analysis and Modelling in Economics and Statistics (LIDAM) -> Louvain Finance,Louvain-la-Neuve,Belgium,53.06
3,46,63,Ariane Szafarz,Université Libre de Bruxelles -> Solvay Brussels School of Economics and Management -> Centre Emile Bernheim; Centre for European Research in Microfinance (CERMi),Bruxelles; Bruxelles/Brussel,Belgium; Belgium,53.08
3,47,82,Koen Inghelbrecht,Universiteit Gent -> Faculteit Economie en Bedrijfskunde -> Vakgroep Economie,Gent,Belgium,53.57
3,48,67,Kristof De Witte,KU Leuven -> Faculteit Economie en Bedrijfswetenschappen,Leuven,Belgium,54.60
3,49,77,Sam Desiere,Universiteit Gent -> Faculteit Economie en Bedrijfskunde,Gent,Belgium,55.12
3,50,81,Axel Gautier,Université de Liège -> HEC École de Gestion; Université Catholique de Louvain -> Louvain Institute of Data Analysis and Modelling in Economics and Statistics (LIDAM) -> Center for Operations Research and Econometrics (CORE),Liège; Louvain-la-Neuve,Belgium; Belgium,55.17
