date,number
2022-03-02,29651
2022-03-03,29729
2022-03-04,29813
2022-03-05,29869
2022-03-06,29925
2022-03-07,30037
2022-03-08,30188
2022-03-09,30326
2022-03-10,30459
2022-03-11,30545
2022-03-12,30625
2022-03-13,30709
2022-03-14,30827
2022-03-15,30961
2022-03-16,31109
2022-03-17,31200
2022-03-18,31311
2022-03-19,31380
2022-03-20,31439
2022-03-21,31552
2022-03-22,31681
2022-03-23,31829
2022-03-24,31997
2022-03-25,32097
2022-03-26,32153
2022-03-27,32243
2022-03-28,32357
2022-03-29,32478
2022-03-30,32590
2022-03-31,32722
2022-04-01,32875
2022-04-02,32984
2022-04-03,33071
2022-04-04,33220
2022-04-05,33360
2022-04-06,33509
2022-04-07,33688
2022-04-08,33846
2022-04-09,33951
2022-04-10,34329
2022-04-11,34615
2022-04-12,34816
2022-04-13,35133
2022-04-14,35336
2022-04-15,35632
2022-04-16,35792
2022-04-17,35939
2022-04-18,36131
2022-04-19,36360
2022-04-20,36665
2022-04-21,36882
2022-04-22,37051
2022-04-23,37221
2022-04-24,37353
2022-04-25,37492
2022-04-26,37665
2022-04-27,37808
2022-04-28,37987
2022-04-29,38135
2022-04-30,38277
2022-05-01,38435
2022-05-02,38587
2022-05-03,38789
2022-05-04,38965
2022-05-05,39252
2022-05-06,39508
2022-05-07,39664
2022-05-08,39838
2022-05-09,40252
2022-05-10,40593
2022-05-11,40894
2022-05-12,41069
2022-05-13,41244
2022-05-14,41508
2022-05-15,41756
2022-05-16,41992
2022-05-17,42242
2022-05-18,42486
2022-05-19,42657
2022-05-20,42825
2022-05-21,43222
2022-05-22,43503
2022-05-23,43919
2022-05-24,44179
2022-05-25,44382
2022-05-26,44530
2022-05-27,44700
2022-05-28,44807
2022-05-29,44958
2022-05-30,45126
2022-05-31,45391
2022-06-01,45586
2022-06-02,46036
2022-06-03,46164
2022-06-04,46375
2022-06-05,46534
2022-06-06,46767
2022-06-07,47010
2022-06-08,47250
2022-06-09,47560
2022-06-10,47775
2022-06-11,47976
2022-06-12,48342
2022-06-13,48675
2022-06-14,49044
2022-06-15,49396
2022-06-16,49634
2022-06-17,49847
2022-06-18,50038
2022-06-19,50205
2022-06-20,50411
2022-06-21,50672
2022-06-22,50876
2022-06-23,51027
2022-06-24,51210
2022-06-25,51308
2022-06-26,51411
2022-06-27,51565
2022-06-28,51724
2022-06-29,52021
2022-06-30,52188
2022-07-01,52331
2022-07-02,52474
2022-07-03,52591
2022-07-04,52784
2022-07-05,52960
2022-07-06,53112
2022-07-07,53302
2022-07-08,53642
2022-07-09,53882
2022-07-10,54314
2022-07-11,54673
2022-07-12,54847
2022-07-13,55075
2022-07-14,55263
2022-07-15,55448
2022-07-16,55526
2022-07-17,55616
2022-07-18,55771
2022-07-19,55944
2022-07-20,56120
2022-07-21,56272
2022-07-22,56452
2022-07-23,56557
2022-07-24,56681
2022-07-25,57101
2022-07-26,57288
2022-07-27,57434
2022-07-28,57672
2022-07-29,57904
2022-07-30,58076
2022-07-31,58228
2022-08-01,58371
2022-08-02,58555
2022-08-03,58724
2022-08-04,58898
2022-08-05,59045
2022-08-06,59114
2022-08-07,59246
2022-08-08,59385
2022-08-09,59566
2022-08-10,59757
2022-08-11,60257
2022-08-12,60455
2022-08-13,60923
2022-08-14,61106
2022-08-15,61296
2022-08-16,61450
2022-08-17,61642
2022-08-18,61827
2022-08-19,62014
2022-08-20,62117
2022-08-21,62224
2022-08-22,62356
2022-08-23,62531
2022-08-24,62703
2022-08-25,62888
2022-08-26,63038
2022-08-27,63183
2022-08-28,63325
2022-08-29,63489
2022-08-30,63643
2022-08-31,63798
2022-09-01,63927
2022-09-02,64033
2022-09-03,64202
2022-09-04,64352
2022-09-05,64553
2022-09-06,64718
2022-09-07,64912
2022-09-08,65106
2022-09-09,65303
2022-09-10,65456
2022-09-11,65653
2022-09-12,65837
2022-09-13,66070
2022-09-14,66317
2022-09-15,66527
2022-09-16,66718
2022-09-17,66881
2022-09-18,67034
2022-09-19,67231
2022-09-20,67516
2022-09-21,67880
2022-09-22,68111
2022-09-23,68296
2022-09-24,68482
2022-09-25,68669
2022-09-26,68950
2022-09-27,69217
2022-09-28,69492
2022-09-29,69747
2022-09-30,70011
2022-10-01,70169
2022-10-02,70335
2022-10-03,70576
2022-10-04,70855
2022-10-05,71053
2022-10-06,71283
2022-10-07,71533
2022-10-08,71803
2022-10-09,72043
2022-10-10,72285
2022-10-11,72533
2022-10-12,72813
2022-10-13,73020
2022-10-14,73388
2022-10-15,73581
2022-10-16,73799
2022-10-17,74104
2022-10-18,74371
2022-10-19,74621
2022-10-20,74900
2022-10-21,75299
2022-10-22,75488
2022-10-23,75664
2022-10-24,76215
2022-10-25,76465
2022-10-26,76761
2022-10-27,77009
2022-10-28,77266
2022-10-29,77438
2022-10-30,77644
2022-10-31,77901
2022-11-01,78231
2022-11-02,78507
2022-11-03,78753
2022-11-04,79005
2022-11-05,79247
2022-11-06,79499
2022-11-07,79814
2022-11-08,80111
2022-11-09,80462
2022-11-10,80780
2022-11-11,81077
2022-11-12,81340
2022-11-13,81594
2022-11-14,82019
2022-11-15,82417
2022-11-16,82747
2022-11-17,83095
2022-11-18,83387
2022-11-19,83601
2022-11-20,83810
2022-11-21,84135
2022-11-22,84477
2022-11-23,84819
2022-11-24,85296
2022-11-25,85632
2022-11-26,85898
2022-11-27,86257
2022-11-28,86709
2022-11-29,87105
2022-11-30,87490
2022-12-01,87899
2022-12-02,88368
2022-12-03,88733
2022-12-04,89000
2022-12-05,89485
2022-12-06,90148
2022-12-07,90685
2022-12-08,91216
2022-12-09,91643
2022-12-10,92019
2022-12-11,92613
2022-12-12,93266
2022-12-13,93914
2022-12-14,94387
2022-12-15,94883
2022-12-16,95346
2022-12-17,95697
2022-12-18,96037
2022-12-19,96517
2022-12-20,97028
2022-12-21,97498
2022-12-22,97953
2022-12-23,98392
2022-12-24,98629
2022-12-25,98883
2022-12-26,99220
2022-12-27,99635
2022-12-28,99953
2022-12-29,100309
2022-12-30,100611
2022-12-31,100827
2023-01-01,101115
2023-01-02,101612
2023-01-03,102084
2023-01-04,102605
2023-01-05,103135
2023-01-06,103547
2023-01-07,103930
2023-01-08,104423
2023-01-09,105015
2023-01-10,105506
2023-01-11,106029
2023-01-12,106532
2023-01-13,107045
2023-01-14,107448
2023-01-15,107941
2023-01-16,108468
2023-01-17,108996
2023-01-18,109600
2023-01-19,110102
2023-01-20,110591
2023-01-21,110941
2023-01-22,111307
2023-01-23,111776
2023-01-24,112195
2023-01-25,112639
2023-01-26,113294
2023-01-27,113729
2023-01-28,114076
2023-01-29,114547
2023-01-30,115090
2023-01-31,115602
2023-02-01,116139
2023-02-02,116699
2023-02-03,117199
2023-02-04,117614
2023-02-05,118276
2023-02-06,118884
2023-02-07,119486
2023-02-08,120059
2023-02-09,120551
2023-02-10,121145
2023-02-11,121571
2023-02-12,121992
2023-02-13,122555
2023-02-14,123012
2023-02-15,123553
2023-02-16,124172
2023-02-17,124930
2023-02-18,125380
2023-02-19,125928
2023-02-20,126462
2023-02-21,127041
2023-02-22,127902
2023-02-23,128561
2023-02-24,129104
2023-02-25,129581
2023-02-26,130181
2023-02-27,130983
2023-02-28,131971
2023-03-01,132642
2023-03-02,133348
2023-03-03,133927
2023-03-04,134568
2023-03-05,135184
2023-03-06,135975
2023-03-07,136689
2023-03-08,137344
2023-03-09,138081
2023-03-10,138673
2023-03-11,139202
2023-03-12,139722
2023-03-13,140332
2023-03-14,140980
2023-03-15,141860
2023-03-16,142583
2023-03-17,143222
2023-03-18,143844
2023-03-19,144490
2023-03-20,145362
2023-03-21,146156
2023-03-22,146905
2023-03-23,147594
2023-03-24,148235
2023-03-25,149007
2023-03-26,149785
2023-03-27,150563
2023-03-28,151255
2023-03-29,152633
2023-03-30,153451
2023-03-31,154141
2023-04-01,154708
2023-04-02,155328
2023-04-03,156043
2023-04-04,156798
2023-04-05,157692
2023-04-06,158354
2023-04-07,158956
2023-04-08,159548
2023-04-09,160113
2023-04-10,160840
2023-04-11,161619
2023-04-12,162398
2023-04-13,163197
2023-04-14,163984
2023-04-15,164634
2023-04-16,165343
2023-04-17,166156
2023-04-18,166956
2023-04-19,167718
2023-04-20,168392
2023-04-21,169050
2023-04-22,169660
2023-04-23,170351
2023-04-24,171351
2023-04-25,173269
2023-04-26,174193
2023-04-27,174912
2023-04-28,175609
2023-04-29,176208
2023-04-30,176901
2023-05-01,177570
2023-05-02,178371
2023-05-03,179372
2023-05-04,180151
2023-05-05,180994
2023-05-06,181702
2023-05-07,182357
2023-05-08,183060
2023-05-09,183819
2023-05-10,184603
2023-05-11,185277
2023-05-12,186028
2023-05-13,186703
2023-05-14,187423
2023-05-15,188131
2023-05-16,188950
2023-05-17,189718
2023-05-18,190463
2023-05-19,191349
2023-05-20,191909
2023-05-21,192484
2023-05-22,193307
2023-05-23,194218
2023-05-24,195109
2023-05-25,196004
2023-05-26,196704
2023-05-27,197298
2023-05-28,197902
2023-05-29,198735
2023-05-30,199537
2023-05-31,200452
2023-06-01,201262
2023-06-02,202036
2023-06-03,202639
2023-06-04,203273
2023-06-05,204015
2023-06-06,204876
2023-06-07,205738
2023-06-08,206582
2023-06-09,207523
2023-06-10,208253
2023-06-11,208824
2023-06-12,209630
2023-06-13,210386
2023-06-14,211183
2023-06-15,211968
2023-06-16,212676
2023-06-17,213196
2023-06-18,213907
2023-06-19,214752
2023-06-20,215765
2023-06-21,216668
2023-06-22,217487
2023-06-23,218307
2023-06-24,219017
2023-06-25,219681
2023-06-26,220641
2023-06-27,221673
2023-06-28,222659
2023-06-29,223568
2023-06-30,224378
2023-07-01,225047
2023-07-02,225739
2023-07-03,226641
2023-07-04,227661
2023-07-05,228546
2023-07-06,229553
2023-07-07,230577
2023-07-08,231417
2023-07-09,232165
2023-07-10,233133
2023-07-11,234134
2023-07-12,235066
2023-07-13,236156
2023-07-14,237237
2023-07-15,237946
2023-07-16,239114
2023-07-17,240163
2023-07-18,241254
2023-07-19,242278
2023-07-20,243330
2023-07-21,244325
2023-07-22,245045
2023-07-23,245817
2023-07-24,247027
2023-07-25,248019
2023-07-26,249047
2023-07-27,250231
2023-07-28,251168
2023-07-29,252110
2023-07-30,253122
2023-07-31,254439
2023-08-01,255848
2023-08-02,257060
2023-08-03,258257
2023-08-04,259444
2023-08-05,260316
2023-08-06,261387
2023-08-07,262720
2023-08-08,264057
2023-08-09,265347
2023-08-10,266581
2023-08-11,267633
2023-08-12,268449
2023-08-13,269822
2023-08-14,270964
2023-08-15,272062
2023-08-16,273217
2023-08-17,274370
2023-08-18,275636
2023-08-19,276514
2023-08-20,277523
2023-08-21,278793
2023-08-22,279957
2023-08-23,281232
2023-08-24,282357
2023-08-25,283485
2023-08-26,284461
2023-08-27,285417
2023-08-28,286643
2023-08-29,287919
2023-08-30,289109
2023-08-31,290317
2023-09-01,292333
2023-09-02,293290
2023-09-03,294145
2023-09-04,295301
2023-09-05,296570
2023-09-06,297526
2023-09-07,298602
2023-09-08,299427
2023-09-09,300239
2023-09-10,301012
2023-09-11,302047
2023-09-12,303114
2023-09-13,304237
2023-09-14,305671
2023-09-15,306506
2023-09-16,307365
2023-09-17,308144
2023-09-18,309102
2023-09-19,310254
2023-09-20,311362
2023-09-21,312442
2023-09-22,313333
2023-09-23,314064
2023-09-24,314909
2023-09-25,315877
2023-09-26,316881
2023-09-27,317937
2023-09-28,319004
2023-09-29,319865
2023-09-30,320565
2023-10-01,321259
2023-10-02,322171
2023-10-03,323104
2023-10-04,324100
2023-10-05,325047
2023-10-06,326000
2023-10-07,326718
2023-10-08,327544
2023-10-09,328649
2023-10-10,329609
2023-10-11,330659
2023-10-12,331676
2023-10-13,332710
2023-10-14,333444
2023-10-15,334255
2023-10-16,335278
2023-10-17,336496
2023-10-18,337796
2023-10-19,339081
2023-10-20,340070
2023-10-21,340897
2023-10-22,341827
2023-10-23,343232
2023-10-24,344404
2023-10-25,345695
2023-10-26,346842
2023-10-27,348065
2023-10-28,348950
2023-10-29,349765
2023-10-30,350789
2023-10-31,351863
2023-11-01,352973
2023-11-02,354116
2023-11-03,355218
2023-11-04,356040
2023-11-05,356902
2023-11-06,357975
2023-11-07,359124
2023-11-08,360171
2023-11-09,361231
2023-11-10,362367
2023-11-11,363531
2023-11-12,364610
2023-11-13,365802
2023-11-14,366998
2023-11-15,368391
2023-11-16,369767
2023-11-17,371134
2023-11-18,372427
2023-11-19,373594
2023-11-20,374823
2023-11-21,376152
2023-11-22,377568
2023-11-23,379039
2023-11-24,380304
2023-11-25,381453
2023-11-26,382593
2023-11-27,383890
2023-11-28,385315
2023-11-29,386676
2023-11-30,388312
2023-12-01,389513
2023-12-02,390472
2023-12-03,391671
2023-12-04,393256
2023-12-05,394630
2023-12-06,395886
2023-12-07,397154
2023-12-08,398222
2023-12-09,399260
2023-12-10,400352
2023-12-11,401667
2023-12-12,402991
2023-12-13,404196
2023-12-14,405536
2023-12-15,406854
2023-12-16,407640
2023-12-17,408547
2023-12-18,409571
2023-12-19,410818
2023-12-20,412191
2023-12-21,413357
2023-12-22,414447
2023-12-23,415395
2023-12-24,416330
2023-12-25,417380
2023-12-26,418442
2023-12-27,419425
2023-12-28,420495
2023-12-29,421433
2023-12-30,422142
2023-12-31,422873
2024-01-01,423592
2024-01-02,424783
2024-01-03,425941
2024-01-04,427134
2024-01-05,428139
2024-01-06,429036
2024-01-07,430107
2024-01-08,431270
2024-01-09,432374
2024-01-10,433715
2024-01-11,435066
2024-01-12,436468
2024-01-13,437397
2024-01-14,438491
2024-01-15,439656
2024-01-16,441299
2024-01-17,442761
2024-01-18,444250
2024-01-19,445556
2024-01-20,446532
2024-01-21,447702
2024-01-22,448956
2024-01-23,450282
2024-01-24,451685
2024-01-25,453053
2024-01-26,454337
2024-01-27,455592
2024-01-28,456791
2024-01-29,458191
2024-01-30,459462
2024-01-31,460788
2024-02-01,462088
2024-02-02,463336
2024-02-03,464428
2024-02-04,465555
2024-02-05,467015
2024-02-06,468464
2024-02-07,469836
2024-02-08,471196
2024-02-09,472359
2024-02-10,473092
2024-02-11,474116
2024-02-12,475342
2024-02-13,476638
2024-02-14,477901
2024-02-15,479333
2024-02-16,480775
2024-02-17,481939
2024-02-18,483004
2024-02-19,484700
2024-02-20,486039
2024-02-21,487368
2024-02-22,488687
2024-02-23,490081
2024-02-24,491124
2024-02-25,492405
2024-02-26,493763
2024-02-27,495619
2024-02-28,497050
2024-02-29,498709
2024-03-01,500256
2024-03-02,501381
2024-03-03,502568
2024-03-04,504278
2024-03-05,506005
2024-03-06,507426
2024-03-07,508747
2024-03-08,510099
2024-03-09,511275
2024-03-10,512616
2024-03-11,514143
2024-03-12,515740
2024-03-13,517358
2024-03-14,518854
2024-03-15,520198
2024-03-16,521308
2024-03-17,522421
2024-03-18,523787
2024-03-19,525231
2024-03-20,526624
2024-03-21,527952
2024-03-22,529139
2024-03-23,530514
2024-03-24,531680
2024-03-25,533031
2024-03-26,534615
2024-03-27,536036
2024-03-28,537404
2024-03-29,538796
2024-03-30,539977
2024-03-31,541105
2024-04-01,542587
2024-04-02,544170
2024-04-03,545720
2024-04-04,547544
2024-04-05,549196
2024-04-06,550793
2024-04-07,552256
2024-04-08,554209
2024-04-09,556190
2024-04-10,557763
2024-04-11,559379
2024-04-12,560880
2024-04-13,562111
2024-04-14,563460
2024-04-15,565003
2024-04-16,566842
2024-04-17,568620
2024-04-18,570393
2024-04-19,572007
2024-04-20,573463
2024-04-21,575086
2024-04-22,576863
2024-04-23,578709
2024-04-24,580508
2024-04-25,582220
2024-04-26,583974
2024-04-27,585150
2024-04-28,586495
2024-04-29,588213
2024-04-30,589922
2024-05-01,591561
2024-05-02,593402
2024-05-03,595121
2024-05-04,596480
2024-05-05,598104
2024-05-06,599775
2024-05-07,601644
2024-05-08,603129
2024-05-09,604708
2024-05-10,606404
2024-05-11,607957
2024-05-12,609471
2024-05-13,611197
2024-05-14,612910
2024-05-15,614695
2024-05-16,616400
2024-05-17,617989
2024-05-18,619353
2024-05-19,620826
2024-05-20,622735
2024-05-21,624775
2024-05-22,626792
2024-05-23,628548
2024-05-24,630146
2024-05-25,631893
2024-05-26,633476
2024-05-27,635587
2024-05-28,638396
2024-05-29,640670
2024-05-30,642756
2024-05-31,645038
2024-06-01,646591
2024-06-02,648635
2024-06-03,650864
2024-06-04,653022
2024-06-05,655351
2024-06-06,657310
2024-06-07,658976
2024-06-08,660292
2024-06-09,661587
2024-06-10,663137
2024-06-11,665051
2024-06-12,667061
2024-06-13,668858
2024-06-14,671039
2024-06-15,672270
2024-06-16,673430
2024-06-17,675170
2024-06-18,677102
2024-06-19,678981
2024-06-20,680765
2024-06-21,682780
2024-06-22,684110
2024-06-23,685699
2024-06-24,687460
2024-06-25,689471
2024-06-26,691222
2024-06-27,693127
2024-06-28,695039
2024-06-29,696170
2024-06-30,697456
2024-07-01,699081
2024-07-02,700708
2024-07-03,702255
2024-07-04,703802
2024-07-05,705150
2024-07-06,706192
2024-07-07,707244
2024-07-08,708847
2024-07-09,710357
2024-07-10,711912
2024-07-11,713644
2024-07-12,714990
2024-07-13,716078
2024-07-14,717567
2024-07-15,719527
2024-07-16,721606
2024-07-17,723844
2024-07-18,726136
2024-07-19,727880
2024-07-20,729520
2024-07-21,731069
2024-07-22,733587
2024-07-23,736045
2024-07-24,738156
2024-07-25,740330
2024-07-26,742473
2024-07-27,744342
2024-07-28,746244
2024-07-29,748676
2024-07-30,751057
2024-07-31,753211
2024-08-01,755392
2024-08-02,757446
2024-08-03,759023
2024-08-04,760590
2024-08-05,762313
2024-08-06,764264
2024-08-07,766087
2024-08-08,768019
2024-08-09,769927
2024-08-10,771632
2024-08-11,773355
2024-08-12,775482
2024-08-13,777967
2024-08-14,780557
2024-08-15,783367
2024-08-16,785945
2024-08-17,788133
2024-08-18,790457
2024-08-19,793182
2024-08-20,796346
2024-08-21,799419
2024-08-22,803194
2024-08-23,806572
2024-08-24,809383
2024-08-25,812105
2024-08-26,815405
2024-08-27,818884
2024-08-28,822248
2024-08-29,825703
2024-08-30,829255
2024-08-31,832401
2024-09-01,835770
2024-09-02,839704
2024-09-03,843465
2024-09-04,847737
2024-09-05,851763
2024-09-06,855822
2024-09-07,859562
2024-09-08,863482
2024-09-09,868882
2024-09-10,873711
2024-09-11,877776
2024-09-12,881966
2024-09-13,887024
2024-09-14,892045
2024-09-15,896426
2024-09-16,900561
2024-09-17,904491
2024-09-18,908531
2024-09-19,912582
2024-09-20,916369
2024-09-21,919681
2024-09-22,924205
2024-09-23,928927
2024-09-24,933757
2024-09-25,938165
2024-09-26,943023
2024-09-27,947177
2024-09-28,950811
2024-09-29,954675
2024-09-30,958545
2024-10-01,962324
2024-10-02,965680
2024-10-03,968147
2024-10-04,970279
2024-10-05,972082
2024-10-06,974220
2024-10-07,976410
2024-10-08,978868
2024-10-09,980806
2024-10-10,982864
2024-10-11,984907
2024-10-12,986589
2024-10-13,988428
2024-10-14,990319
2024-10-15,992242
2024-10-16,994542
2024-10-17,996507
2024-10-18,998528
2024-10-19,1000104
2024-10-20,1001553
2024-10-21,1003748
2024-10-22,1005862
2024-10-23,1008013
2024-10-24,1010154
2024-10-25,1012046
2024-10-26,1013942
2024-10-27,1015588
2024-10-28,1017580
2024-10-29,1019596
2024-10-30,1022173
2024-10-31,1024561
2024-11-01,1026857
2024-11-02,1028759
2024-11-03,1030715
2024-11-04,1033099
2024-11-05,1035602
2024-11-06,1038250
2024-11-07,1040845
2024-11-08,1043144
2024-11-09,1045067
2024-11-10,1047511
2024-11-11,1050268
2024-11-12,1053042
2024-11-13,1055616
2024-11-14,1058144
2024-11-15,1060347
2024-11-16,1062381
2024-11-17,1064801
2024-11-18,1067175
2024-11-19,1070050
2024-11-20,1072564
2024-11-21,1075124
2024-11-22,1077412
2024-11-23,1079462
2024-11-24,1081333
2024-11-25,1083903
2024-11-26,1086759
2024-11-27,1089176
2024-11-28,1091699
2024-11-29,1093961
2024-11-30,1096017
2024-12-01,1098069
2024-12-02,1100781
2024-12-03,1103157
2024-12-04,1106112
2024-12-05,1109233
2024-12-06,1111718
2024-12-07,1113887
2024-12-08,1116398
2024-12-09,1119581
2024-12-10,1122895
2024-12-11,1125994
2024-12-12,1129055
2024-12-13,1131663
2024-12-14,1133965
2024-12-15,1136554
2024-12-16,1139748
2024-12-17,1142703
2024-12-18,1145074
2024-12-19,1147497
2024-12-20,1150156
2024-12-21,1152069
2024-12-22,1154223
2024-12-23,1156706
2024-12-24,1159275
2024-12-25,1161551
2024-12-26,1164097
2024-12-27,1166334
2024-12-28,1168813
2024-12-29,1171306
2024-12-30,1173806
2024-12-31,1176357
2025-01-01,1178247
2025-01-02,1180636
2025-01-03,1183154
2025-01-04,1185157
2025-01-05,1187557
2025-01-06,1189930
2025-01-07,1192338
2025-01-08,1195294
2025-01-09,1197945
2025-01-10,1200775
2025-01-11,1203175
2025-01-12,1205867
2025-01-13,1209363
2025-01-14,1213305
2025-01-15,1217692
2025-01-16,1221818
2025-01-17,1225698
2025-01-18,1229180
2025-01-19,1232316
2025-01-20,1236227
2025-01-21,1240333
2025-01-22,1244502
2025-01-23,1248701
2025-01-24,1252802
2025-01-25,1256744
2025-01-26,1260245
2025-01-27,1264206
2025-01-28,1268253
2025-01-29,1272619
2025-01-30,1276187
2025-01-31,1280051
2025-02-01,1283352
2025-02-02,1287864
2025-02-03,1291836
2025-02-04,1295987
2025-02-05,1299861
2025-02-06,1303786
2025-02-07,1307500
2025-02-08,1310927
2025-02-09,1314629
2025-02-10,1318563
2025-02-11,1323229
2025-02-12,1327243
2025-02-13,1331399
2025-02-14,1334509
2025-02-15,1336938
2025-02-16,1339431
2025-02-17,1342942
2025-02-18,1346617
2025-02-19,1349922
2025-02-20,1353237
2025-02-21,1356177
2025-02-22,1358928
2025-02-23,1361826
2025-02-24,1365263
2025-02-25,1368349
2025-02-26,1371652
2025-02-27,1374678
2025-02-28,1377931
2025-03-01,1380666
2025-03-02,1383440
2025-03-03,1386357
2025-03-04,1389621
2025-03-05,1392660
2025-03-06,1395647
2025-03-07,1398340
2025-03-08,1401011
2025-03-09,1403856
2025-03-10,1406762
2025-03-11,1409680
2025-03-12,1412839
2025-03-13,1416111
2025-03-14,1419482
2025-03-15,1421914
2025-03-16,1424540
2025-03-17,1427727
2025-03-18,1430993
2025-03-19,1434499
2025-03-20,1437966
2025-03-21,1440943
2025-03-22,1443397
2025-03-23,1446596
2025-03-24,1449918
2025-03-25,1453719
2025-03-26,1458003
2025-03-27,1461769
2025-03-28,1465499
2025-03-29,1468328
2025-03-30,1471284
2025-03-31,1474545
2025-04-01,1478367
2025-04-02,1481980
2025-04-03,1485934
2025-04-04,1489859
2025-04-05,1492818
2025-04-06,1496320
2025-04-07,1500054
2025-04-08,1503964
2025-04-09,1507388
2025-04-10,1510999
2025-04-11,1514517
2025-04-12,1517520
2025-04-13,1520602
2025-04-14,1523943
2025-04-15,1527284
2025-04-16,1530441
2025-04-17,1533747
2025-04-18,1536965
2025-04-19,1539622
2025-04-20,1542466
2025-04-21,1545808
2025-04-22,1549778
2025-04-23,1553430
2025-04-24,1557410
2025-04-25,1560958
2025-04-26,1564088
2025-04-27,1567299
2025-04-28,1571190
2025-04-29,1575033
2025-04-30,1578909
2025-05-01,1582427
2025-05-02,1585895
2025-05-03,1589031
2025-05-04,1592116
2025-05-05,1595725
2025-05-06,1599537
2025-05-07,1602802
2025-05-08,1606120
2025-05-09,1609597
2025-05-10,1613285
2025-05-11,1616566
2025-05-12,1620124
2025-05-13,1624349
2025-05-14,1629062
2025-05-15,1633718
2025-05-16,1637247
2025-05-17,1639986
2025-05-18,1643105
2025-05-19,1647102
2025-05-20,1651271
2025-05-21,1654707
2025-05-22,1658405
2025-05-23,1662023
2025-05-24,1665328
2025-05-25,1668512
2025-05-26,1671713
2025-05-27,1675424
2025-05-28,1678692
2025-05-29,1682050
2025-05-30,1685564
2025-05-31,1687976
2025-06-01,1690453
2025-06-02,1694103
2025-06-03,1697574
2025-06-04,1700929
2025-06-05,1704099
2025-06-06,1707372
2025-06-07,1709959
2025-06-08,1712436
2025-06-09,1715599
2025-06-10,1719081
2025-06-11,1721851
2025-06-12,1724881
2025-06-13,1727565
2025-06-14,1730175
2025-06-15,1733130
2025-06-16,1736032
2025-06-17,1739225
2025-06-18,1741827
2025-06-19,1744408
2025-06-20,1746790
2025-06-21,1748423
2025-06-22,1750163
2025-06-23,1752583
2025-06-24,1755152
2025-06-25,1757840
2025-06-26,1760764
2025-06-27,1763610
2025-06-28,1765949
2025-06-29,1768277
2025-06-30,1770895
2025-07-01,1773362
2025-07-02,1776028
2025-07-03,1778818
2025-07-04,1780959
2025-07-05,1783356
2025-07-06,1785536
2025-07-07,1788706
2025-07-08,1791531
2025-07-09,1794126
2025-07-10,1797139
2025-07-11,1799863
2025-07-12,1801835
2025-07-13,1803573
2025-07-14,1805851
2025-07-15,1808467
2025-07-16,1811397
2025-07-17,1814343
2025-07-18,1816991
2025-07-19,1818928
2025-07-20,1820929
2025-07-21,1823564
2025-07-22,1826516
2025-07-23,1829605
2025-07-24,1832651
2025-07-25,1835143
2025-07-26,1837139
2025-07-27,1839177
2025-07-28,1841560
2025-07-29,1843946
2025-07-30,1846479
2025-07-31,1849075
2025-08-01,1851405
2025-08-02,1853211
2025-08-03,1855199
2025-08-04,1857673
2025-08-05,1860403
2025-08-06,1863191
2025-08-07,1865867
2025-08-08,1868088
2025-08-09,1870030
2025-08-10,1872471
2025-08-11,1876042
2025-08-12,1879387
2025-08-13,1882357
2025-08-14,1885107
2025-08-15,1888576
2025-08-16,1891841
2025-08-17,1894439
2025-08-18,1897951
2025-08-19,1902002
2025-08-20,1905653
2025-08-21,1909505
2025-08-22,1913367
2025-08-23,1916918
2025-08-24,1920630
2025-08-25,1925362
2025-08-26,1929617
2025-08-27,1933936
2025-08-28,1937707
2025-08-29,1941317
2025-08-30,1944352
2025-08-31,1946990
2025-09-01,1950556
2025-09-02,1953958
2025-09-03,1956993
2025-09-04,1960097
2025-09-05,1963138
2025-09-06,1965565
2025-09-07,1967927
2025-09-08,1971078
2025-09-09,1973961
2025-09-10,1977010
2025-09-11,1979821
2025-09-12,1982329
2025-09-13,1984525
2025-09-14,1986609
2025-09-15,1989846
2025-09-16,1993040
2025-09-17,1995725
2025-09-18,1998725
2025-09-19,2001780
2025-09-20,2004576
2025-09-21,2006764
2025-09-22,2009717
2025-09-23,2012896
2025-09-24,2015688
2025-09-25,2018283
2025-09-26,2021028
2025-09-27,2022826
2025-09-28,2024880
2025-09-29,2027593
2025-09-30,2030063
2025-10-01,2032883
2025-10-02,2035181
2025-10-03,2037957
2025-10-04,2039814
2025-10-05,2041787
2025-10-06,2044049
2025-10-07,2046694
2025-10-08,2049235
2025-10-09,2052537
2025-10-10,2055739
2025-10-11,2058604
2025-10-12,2061525
2025-10-13,2064817
2025-10-14,2068676
2025-10-15,2071919
2025-10-16,2075898
2025-10-17,2079856
2025-10-18,2082606
2025-10-19,2085492
2025-10-20,2087817
2025-10-21,2090682
2025-10-22,2094225
2025-10-23,2098071
2025-10-24,2101737
2025-10-25,2105973
2025-10-26,2110100
2025-10-27,2114723
2025-10-28,2119458
2025-10-29,2124388
2025-10-30,2129487
2025-10-31,2134560
2025-11-01,2138946
2025-11-02,2143640
2025-11-03,2148462
2025-11-04,2153229
2025-11-05,2157849
2025-11-06,2162999
2025-11-07,2168079
2025-11-08,2172794
2025-11-09,2177839
2025-11-10,2183062
2025-11-11,2188259
2025-11-12,2193936
2025-11-13,2199465
2025-11-14,2204095
2025-11-15,2206684
2025-11-16,2209458
2025-11-17,2212466
2025-11-18,2215041
2025-11-19,2218098
2025-11-20,2220786
2025-11-21,2223288
2025-11-22,2225423
2025-11-23,2227533
2025-11-24,2229924
2025-11-25,2232573
2025-11-26,2235272
2025-11-27,2237922
2025-11-28,2240482
2025-11-29,2242525
2025-11-30,2244509
2025-12-01,2247176
2025-12-02,2250223
2025-12-03,2253093
2025-12-04,2256215
2025-12-05,2258780
2025-12-06,2260967
2025-12-07,2263362
2025-12-08,2264880
